"name","version","category","tags","needs","link","notes"
"Symantec Security Check","unspecified","Online Virus Scanners","(untagged; online service)","some require IE6 (per post)","http://security.symantec.com/sscv6/WelcomePage.asp","online service listed in post 1 (edited 2010-01-07)"
"Eset Online Scanner","unspecified","Online Virus Scanners","(untagged; online service)","some require IE6 (per post)","http://www.eset.com/onlinescan","online service listed in post 1 (edited 2010-01-07)"
"McAfee Free Scan","unspecified","Online Virus Scanners","(untagged; online service)","some require IE6 (per post)","http://home.mcafee.com/Downloads/FreeScanDownload.aspx","online service listed in post 1 (edited 2010-01-07)"
"Trend Micro Housecall","6.5","Online Virus Scanners","(untagged; online service)","some require IE6 (per post)","http://housecall.trendmicro.com/uk","online service listed in post 1 (edited 2010-01-07)"
"Apple QuickTime Player","6.5.2","Media Players + Encoders + Codecs","LAST; FREE","","http://www.apple.com/support/downloads/quicktime652forwindows.html","Player"
"DivX Codec","v5.2.1","Media Players + Encoders + Codecs","LAST; FREE","","http://www.free-codecs.com/DivX_Free_download.htm",""
"Microsoft Windows Media Player","9","Media Players + Encoders + Codecs","LAST; FREE","","http://download.microsoft.com/download/1/b/c/1bc0b1a3-c839-4b36-8f3c-19847ba09299/MPSetup.exe",""
"Nullsoft Winamp","5.35","Media Players + Encoders + Codecs","LAST; FREE","","http://download.nullsoft.com/winamp/client/winamp535_full_emusic-7plus.exe","CD support lost in 5.35"
"Quicktime Alternative","1.56","Media Players + Encoders + Codecs","LAST; FREE","","http://www.codecpackguide.com/quicktimealt.htm",""
"RealPlayer","10.5","Media Players + Encoders + Codecs","LAST; FREE","","http://www.real.com",""
"foobar2000","v0.8.3","Media Players + Encoders + Codecs","LAST; FREE","","http://oldapps.com/foobar2000.php",""
"Intervideo WinDVD","6","Media Players + Encoders + Codecs","LAST; $$$$","","http://www.corel.com","6.0.6.56; now Corel"
"CyberLink PowerDVD","6","Media Players + Encoders + Codecs","LAST; $$$$","","http://www.cyberlink.com",""
"GoldWave","5.25","Media Players + Encoders + Codecs","LAST; SHAR","","http://www.oldapps.com/goldwave.php?old_goldwave=16","official last is 4.26"
"Reality Synthesiser","1997","Media Players + Encoders + Codecs","LAST; $$$$","","http://www.notemuseum.com",""
"KbMedia Player","2.42 beta4","Media Players + Encoders + Codecs","LAST; FREE","","http://home7.highway.ne.jp/Kobarin/","2.42 beta4, English patcher available for Version 2.41"
"Media Player Classic","6.4.9.1","Media Players + Encoders + Codecs","ONGD; FREE","","http://www.free-codecs.com/download/Media_Player_Classic.htm",""
"Xmplayer","3.6","Media Players + Encoders + Codecs","ONGD; FREE","","http://www.un4seen.com",""
"Gomplayer","unspecified","Media Players + Encoders + Codecs","ONGD; FREE","","http://www.gomplayer.com/main.html",""
"ffdshow","2322","Media Players + Encoders + Codecs","LAST; FREE","","http://ffdshow-tryout.sourceforge.net/",""
"VideoLAN VLC Player","0.8.6","Media Players + Encoders + Codecs","LAST; FREE","","http://download.videolan.org/pub/videolan/vlc/&quot","0.9 Nightlies work"
"AC3Filter","1.46","Media Players + Encoders + Codecs","ONGD; FREE","","http://ac3filter.net",""
"Audacity","1.3.7 Beta","Media Players + Encoders + Codecs","LAST; FREE","","http://audacity.sourceforge.net",""
"VirtualDub","1.5.10","Media Players + Encoders + Codecs","LAST; FREE","","http://www.virtualdub.org",""
"The K-Lite Codec Pack","3.4.5 Full","Media Players + Encoders + Codecs","ONGD; FREE","","http://codecpack.nl/klcodec345f.exe",""
"BSPlayer","2.x","Media Players + Encoders + Codecs","ONGD; FREE","","http://www.bsplayer.com/en/bs.player/home/","Pro $$$$ also Available"
"AviUtl","unspecified","Media Players + Encoders + Codecs","LAST; FREE","","http://www.geocities.com/fredledingo/aviutl.htm","Video editing"
"MP3Splitter","1.1","Media Players + Encoders + Codecs","LAST; FREE","","http://www.megax.it/mp3split/index.htm",""
"GOM Player","2","Media Players + Encoders + Codecs","ONGD; FREE","","http://www.gomplayer.com","AVI, MPEG, DivX, SWF, FLV and more"
"Packed Bitstream Remover","1.1","Media Players + Encoders + Codecs","ONGD; FREE","","http://www.burrrn.net/?page_id=6","GUI Modifier"
"KeepVid","unspecified","Media Players + Encoders + Codecs","ONGD; FREE","","http://keepvid.com/","Saves embedded videos from net"
"Haali's Media Splitter","unspecified","Media Players + Encoders + Codecs","ONGD; FREE","","http://www.afterdawn.com/software/video_software/codecs_and_filters/haalimediasplitter.cfm/03_06_2007","03-06-2007"
"Sonic Foundry Sound Forge","6.0","Media Players + Encoders + Codecs","LAST; $$$$","","",""
"Retrozilla","2.2","Internet Browsers","LAST; FREE","","https://rn10950.github.io/RetroZillaWeb/",""
"Opera","10.63","Internet Browsers","LAST; FREE","","http://www.opera.com",""
"Microsoft Internet Explorer","6 SP1","Internet Browsers","LAST; FREE","","http://www.microsoft.com/downloads/details.aspx?FamilyID=1e1550cb-5e5d-48f5-b02b-20b602228de6&DisplayLang=en",""
"Mozilla Firefox","2.0.0.20","Internet Browsers","LAST; FREE","","https://ftp.mozilla.org/pub/mozilla.org/firefox/releases/2.0.0.20/win32/en-US/Firefox%20Setup%202.0.0.20.exe",""
"Maxthon","3.5.2.1000","Internet Browsers","LAST; FREE","","http://www.maxthon.com",""
"SlimBrowser","4.07.100","Internet Browsers","LAST; FREE","","http://www.flashpeak.com/sbrowser",""
"xplorer² Pro","unspecified","Internet Browsers","LAST; $$$$","","http://www.zabkat.com/index.htm","Explorer replacement"
"xplorer² Lite","unspecified","Internet Browsers","LAST; FREE","","http://www.zabkat.com/x2lite.htm","Explorer replacement"
"K-Melon","1.5.4","Internet Browsers","LAST; FREE","","http://kmeleon.sourceforge.net",""
"Sea Monkey","1.1.19","Internet Browsers","LAST; FREE","","http://www.seamonkey-project.org",""
"Avant Browser","11.0 build 46","Internet Browsers","LAST; FREE","","http://avant.it-mate.co.uk/?c=Download&f=Avant_Browser/11_Series/11_0",""
"GreenBrowser","4.9.0111","Internet Browsers","LAST; FREE","","http://www.morequick.com/IndexEn.htm",""
"Java Runtime Environment","5.0 Update 22","Internet Plugins + Utilities","LAST; FREE","","http://java.com","1.6.0.07 works"
"Skype","1.4.x","Internet Plugins + Utilities","LAST; FREE","3.5.0.239 works without video","http://www.skype.com","3.5.0.239 works without Video"
"Adobe Flash Player","9.0.283.0","Internet Plugins + Utilities","LAST; FREE","","http://download.macromedia.com/pub/flashplayer/installers/current/9/install_flash_player_9_ax.exe","Internet Explorer"
"Adobe Flash Player","9.0.283.0","Internet Plugins + Utilities","LAST; FREE","","http://download.macromedia.com/pub/flashplayer/installers/current/9/install_flash_player_9.exe","Mozilla + Opera"
"Adobe Shockwave Player","10.3.0.24","Internet Plugins + Utilities","LAST; FREE","","http://www.adobe.com/shockwave/download/?promoid=BIOY",""
"Privoxy","unspecified","Internet Plugins + Utilities","ONGD; FREE","","http://www.privoxy.org","Internet Privacy Tool"
"WinHTTrack","unspecified","Internet Plugins + Utilities","ONGD; FREE","","http://www.httrack.com","Website Copier-Offline Browser"
"PopUpKiller","1.45.5","Internet Plugins + Utilities","ONGD; FREE","","http://sourceforge.net/project/showfiles.php?group_id=48678",""
"ieSpell","V.2.5.1","Internet Plugins + Utilities","ONGD; FREE","Internet Explorer 6","http://www.iespell.com","Internet Explorer 6 Spell Checker"
"Microsoft Outlook Express","6","Email Clients","LAST; FREE","","","Part of IE6 SP1"
"Mozilla Thunderbird","2.0.0.24","Email Clients","LAST; FREE","","ftp://ftp.mozilla.org/pub/mozilla.org/thunderbird/releases/2.0.0.24/win32/en-US/Thunderbird%20Setup%202.0.0.24.exe",""
"Opera","10.54","Email Clients","LAST; FREE","","http://www.opera.com",""
"Microsoft MSN Messenger","7.0.0820","Instant Messaging","LAST; FREE","","http://www.microsoft.com/downloads/details.aspx?familyid=CF49C56C-8B3E-4EAE-9904-9505F47BED45&displaylang=en",""
"Miranda IM","unspecified","Instant Messaging","LAST; (none)","","http://www.miranda-im.org",""
"aMSN","unspecified","Instant Messaging","LAST; (none)","","http://www.amsn-project.net",""
"BORGChat","v1.0.0","Instant Messaging","LAST; FREE","","http://borgchat.softnews.ro/download.php","b438"
"Leech FTP","1.3","FTP Clients","LAST; FREE","","http://www.download.com/3000-2356-10122208.html",""
"WSFTP Limited Edition","5.08","FTP Clients","LAST; FREE","","http://www.oldversion.com/program.php?n=wsftp",""
"WinSCP","unspecified","FTP Clients","ONGD; FREE","","http://winscp.net",""
"SmartFTP","unspecified","FTP Clients","ONGD; $$$$","","http://www.smartftp.com",""
"ZoneAlarm","6.1.744.001","Firewalls","LAST; FREE","","http://www.oldversion.com/download.php?idlong=3e21066e0e9c82845db078ffd60a98b0",""
"Jetico","1.0.1.61","Firewalls","LAST; FREE","","http://www.jetico.com/jpfirewall.htm",""
"Tiny Personal Firewall","2.0.15A","Firewalls","LAST; FREE","","http://www.oldversion.com/program.php?n=tpfirewall",""
"Kerio Personal Firewall","2.1.5","Firewalls","LAST; FREE","","http://www.freeware-guide.com/dir/util/firewall.html","last freeware version"
"Sygate Personal Firewall","5.6.2808","Firewalls","LAST; FREE","","http://www.freeware-guide.com/dir/util/firewall.html","last freeware version"
"Norton Personal Firewall","2005","Firewalls","LAST; $$$$","","http://www.symantec.com",""
"Symantec Desktop Firewall","2.0","Firewalls","LAST; $$$$","","http://www.symantec.com",""
"ClamWin","0.95.3","Virus and Spyware Scanners + Privacy and Security Tools","ONGD; FREE","","http://www.clamwin.com",""
"McAfee Stinger","v10.0.1.688","Virus and Spyware Scanners + Privacy and Security Tools","ONGD; FREE","","http://vil.nai.com/vil/stinger","A stand alone Virus Removal Tool that removes over 1000 viruses"
"Spybot Search & Destroy","unspecified","Virus and Spyware Scanners + Privacy and Security Tools","ONGD; FREE","","http://www.safer-networking.org",""
"Avast! 4 Home","4.8.1368","Virus and Spyware Scanners + Privacy and Security Tools","LAST; FREE","","http://www.avast.com","4.8.1368"
"Norton AntiVirus","2005","Virus and Spyware Scanners + Privacy and Security Tools","LAST; $$$$","","http://www.symantec.com",""
"McAfee VirusScan Corporate","4.5.1 SP1","Virus and Spyware Scanners + Privacy and Security Tools","LAST; $$$$","","","(2005 Build; 4.5.1306.0)"
"McAfee VirusScan 2006","10.0","Virus and Spyware Scanners + Privacy and Security Tools","LAST; $$$$","","http://www.mcafee.com",""
"Symantec AntiVirus Corporate Edition","9.0.5.1000","Virus and Spyware Scanners + Privacy and Security Tools","LAST; $$$$","","",""
"Symantec LiveUpdate","3.0.0.177","Virus and Spyware Scanners + Privacy and Security Tools","LAST; FREE","","ftp://ftp.symantec.com/public/english_us_canada/liveupdate/3.0/lusetup.exe",""
"Symantec Event Library","11.6.8.1","Virus and Spyware Scanners + Privacy and Security Tools","LAST; FREE","","ftp://ftp.symantec.com/public/english_us_canada/symevnt11/sevinst.exe",""
"Lavasoft Ad-Aware SE Personal","1.06r1","Virus and Spyware Scanners + Privacy and Security Tools","LAST; FREE","","http://www.softpedia.com%2Fget%2FInternet%...-Personal.shtml",""
"Kaspersky Anti-Virus Personal","5.0","Virus and Spyware Scanners + Privacy and Security Tools","LAST; $$$$","","ftp://d5y.kaspersky-labs.com/beta/kav50/Personal/English/","5.0.712 BETA"
"System Safety Monitor","2.0.8.583","Virus and Spyware Scanners + Privacy and Security Tools","LAST; FREE","","http://www.syssafety.com/",""
"AVGFree","7.5","Virus and Spyware Scanners + Privacy and Security Tools","LAST; FREE","","http://free.grisoft.com","database 270.12.11/2089"
"Avira AntiVir PersonalEdition Classic","7.06.00.268","Virus and Spyware Scanners + Privacy and Security Tools","LAST; FREE","","http://www.download.com/Avira-AntiVir-PersonalEdition-Classic/3000-2239_4-10745467.html?tag=lst-0-10",""
"Sophos Security Suite SBE","2.5","Virus and Spyware Scanners + Privacy and Security Tools","ONGD; $$$$","","http://www.sophos.com/products/small-business/sophos-security-suite",""
"Sophos Computer Security SBE","2.5","Virus and Spyware Scanners + Privacy and Security Tools","ONGD; $$$$","","http://www.sophos.com/products/small-business/sophos-computer-security",""
"Sophos Anti-Virus SBE","2.5","Virus and Spyware Scanners + Privacy and Security Tools","ONGD; $$$$","","http://www.sophos.com/products/small-business/sophos-anti-virus",""
"System Safety Monitor","unspecified","Virus and Spyware Scanners + Privacy and Security Tools","ONGD; $$$$","","http://www.syssafety.com","Host Intrusion Protection System"
"System Lock","1.2.1","Virus and Spyware Scanners + Privacy and Security Tools","LAST; FREE","","http://www.r2.com.au/software.php?page=2&show=syslock&PHPSESSID=1dd01c3f402955f4055e8939cc2751ce","lock your Win98/Me desktop"
"Norton AntiSpam","2005","Virus and Spyware Scanners + Privacy and Security Tools","LAST; $$$$","","http://www.symantec.com",""
"Norton Internet Security","2005","Virus and Spyware Scanners + Privacy and Security Tools","LAST; $$$$","","http://www.symantec.com",""
"Norton Password Manager","2004","Virus and Spyware Scanners + Privacy and Security Tools","LAST; $$$$","","ftp://ftp.symantec.com/public/english_us_canada/products/norton_password/updates/NPM.exe",""
"WinPatrol 2010 (98/SE/ME)","17.0.2010.0","Virus and Spyware Scanners + Privacy and Security Tools","ONGD; FREE","","http://www.winpatrol.com","v17.0.2010.0; Windows 98/SE/ME"
"WinPatrol (Windows 95)","10.03","Virus and Spyware Scanners + Privacy and Security Tools","LAST; FREE","","http://www.oldapps.com/WinPatrol.php","v10.03; Windows 95"
"Tiny Watcher","1.5","Virus and Spyware Scanners + Privacy and Security Tools","ONGD; FREE","","http://kubicle.dcmembers.com/watcher","v1.5"
"Spyware blaster","unspecified","Virus and Spyware Scanners + Privacy and Security Tools","ONGD; FREE","","http://www.javacoolsoftware.com/",""
"Adobe Flash MX","2004","Web Design Packages","LAST; $$$$","","","Macromedia"
"Adobe Dreamweaver MX","2004","Web Design Packages","LAST; $$$$","","","Macromedia"
"Adobe Fireworks MX2004","unspecified","Graphical Design","LAST; $$$$","","","Macromedia"
"Adobe Photoshop Elements","2","Graphical Design","LAST; $$$$","","",""
"Adobe Photoshop","7.0","Graphical Design","LAST; $$$$","","",""
"Adobe Illustrator","10","Graphical Design","LAST; $$$$","","",""
"IrfanView","4.44","Graphical Design","LAST; FREE","","http://www.irfanview.com",""
"Xnview","unspecified","Graphical Design","ONGD; FREE","","http://www.xnview.com",""
"Photofiltre","unspecified","Graphical Design","ONGD; FREE","","",""
"The Gimp","2.0.5","Graphical Design","LAST; FREE","","http://www.gimp.org",""
"UnFREEz","2.1","Graphical Design","ONGD; FREE","","http://www.whitsoftdev.com/unfreez","Animated GIF maker"
"Pixia","4.xx","Graphical Design","ONGD; FREE","","http://park18.wakwak.com/~pixia",""
"NeoPaint","6.5","Graphical Design","ONGD; $$$$","","http://www.neosoftware.com/npw.html",""
"Artweaver","0.5.2","Graphical Design","ONGD; FREE","","http://www.artweaver.de/index.php?en_version",""
"Photoscape","3.1","Graphical Design","ONGD; FREE","","http://www.photoscape.org/ps/main/index.php",""
"Adobe Reader","6.06","PDF Utilities","LAST; FREE","","http://www.adobe.com/products/acrobat/readstep2.html",""
"Adobe Acrobat Standard","6.0","PDF Utilities","LAST; $$$$","","http://www.adobe.com","6.0.6.2007010800"
"Foxit PDF Reader","2.3 build 4015","PDF Utilities","LAST; FREE","","http://www.foxitsoftware.com/pdf/rd_intro.php",""
"activePDF PrimoPDF","3.1","PDF Utilities","LAST; FREE","","http://www.filehippo.com/download_primopdf/2557/",""
"Cacheman","5.50","Windows Utilities","LAST; FREE","","http://www.outertech.com",""
"Microsoft TweakUI","1.33","Windows Utilities","LAST; FREE","","http://www.download.com/3000-2341-2830963.html",""
"Process Explorer","11.11","Windows Utilities","LAST; FREE","","http://www.filehippo.com/download_process_explorer/3854/",""
"Autoruns","9.13","Windows Utilities","LAST; FREE","","http://www.filehippo.com/download_autoruns/3847/",""
"FileMon for Windows","v7.04","Windows Utilities","ONGD; FREE","","http://www.microsoft.com/technet/sysinternals/ProcessesAndThreads/Filemon.mspx",""
"Total Commander","unspecified","Windows Utilities","ONGD; SHAR","","http://www.ghisler.com",""
"SmithMicro CheckIt Diagnostics","7.1.1.5","Windows Utilities","LAST; $$$$","","http://www.smithmicro.com/",""
"Symantec Norton SystemWorks","2005 8.03","Windows Utilities","LAST; $$$$","","http://www.symantec.com","2005.8.3.15"
"Microsoft WinDiff","6.0.6000.16384","Windows Utilities","ONGD; FREE","","","6.0.6000.16384"
"SiSoftware Sandra Standard ANSI","2004.SP2b","Windows Utilities","LAST; FREE","","http://download.bomul.com/pds_download_cp.html?downparam=MTIzMDg6MTpQOnpkbmV0","2004.10.9.133"
"CCleaner","2","Windows Utilities","ONGD; FREE","","http://www.ccleaner.com","Cleans hard disk of junk files"
"WISE Disk Cleaner","2.91","Windows Utilities","ONGD; FREE","","http://www.wisecleaner.com","Cleans hard disk of junk files"
"PC Wizard","2008.1.81","Windows Utilities","ONGD; FREE","","http://www.cpuid.com/pcwizard.php","diagnostic and benchmarking tool"
"TestRun by BB","unspecified","Windows Utilities","LAST; FREE","","http://rapidshare.com/files/72091836/Test-Run_v_2.1.2.zip.html","Registry Protection"
"Dependency Walker","unspecified","Windows Utilities","ONGD; FREE","","http://www.dependencywalker.com",""
"CodeStuff Starter","unspecified","Windows Utilities","ONGD; FREE","","http://codestuff.tripod.com/products_starter.html",""
"Easy Duplicate Finder","unspecified","Windows Utilities","ONGD; FREE","","http://www.easyduplicatefinder.com/","finds exact duplicate files"
"AnVir Task Manager Free","unspecified","Windows Utilities","ONGD; FREE","","http://www.anvir.com/taskmanagerfree",""
"APSoft MemDump","2.0","Windows Utilities","ONGD; FREE","","http://www.tssc.de/products/tools/memdump",""
"APSoft VxDView","1.0","Windows Utilities","ONGD; FREE","","http://www.tssc.de/products/tools/vxdview",""
"JAM Software TreeSize Free","2.1","Windows Utilities","ONGD; FREE","","http://www.jam-software.com/freeware/index.shtml",""
"JAM Software FileList","1.6","Windows Utilities","LAST; FREE","","http://www.freeware-archiv.de/FileList-CSV.htm",""
"JAM Software HeavyLoad","2.3","Windows Utilities","ONGD; FREE","","http://www.jam-software.com/freeware/index.shtml",""
"Norton CleanSweep","2002","Windows Utilities","LAST; $$$$","","http://www.symantec.com",""
"Norton GoBack","4.0","Windows Utilities","LAST; $$$$","","http://www.symantec.com",""
"Norton Utilities","2002 6.0","Windows Utilities","LAST; $$$$","","http://www.symantec.com",""
"Sisoft Sandra Professional ANSI","2004.SP2b","Windows Utilities","LAST; $$$$","","","v2004.10.9.133 [12-Aug-2004]; Win32 x86"
"XXCOPY FREEWARE","v.2.96.5","Windows Utilities","LAST; FREE","","http://www.xxcopy.com/download/xxfw2965.zip",""
"Easy Duplicate Finder","1.4.4","Windows Utilities","LAST; FREE","","http://www.easyduplicatefinder.com/files/e...setup_win9x.exe",""
"Eraser","unspecified","Windows Utilities","ONGD; FREE","","http://sourceforge.net/projects/eraser","secure file erase/move"
"MyUninstaller","1.55","Uninstallers","ONGD; FREE","","http://www.nirsoft.net/utils/myuninst.html",""
"ZSoft Uninstaller","2.4.1","Uninstallers","ONGD; FREE","","http://www.zsoft.dk/index/software_details/4",""
"RegCleaner","4.3.0.780","Windows Registry Utilities","LAST; FREE","","http://majorgeeks.com/download460.html",""
"jv16 Power Tools","unspecified","Windows Registry Utilities","ONGD; $$$$","","http://www.321download.com/LastFreeware/index.html#jv16","1.3.0.195 last Freeware"
"RegMon for Windows","v7.04","Windows Registry Utilities","ONGD; FREE","","http://www.microsoft.com/technet/sysinternals/ProcessesAndThreads/Regmon.mspx",""
"RegSeeker","1.55","Windows Registry Utilities","ONGD; FREE","","http://www.hoverdesk.net/freeware.htm",""
"EasyCleaner","2.0","Windows Registry Utilities","ONGD; FREE","","http://personal.inet.fi/business/toniarts/ecleane.htm",""
"Registry Compactor","1.1","Windows Registry Utilities","LAST; $$$$","","http://www.majorgeeks.com/Registry_Compactor_d3504.html","compresses the Registry"
"WISE Registry Cleaner","2.9.5","Windows Registry Utilities","ONGD; FREE","","http://www.wisecleaner.com",""
"Diskeeper","10","Hard Disk Utilities","LAST; $$$$","","",""
"Diskeeper Lite","7.0 Build 418","Hard Disk Utilities","LAST; FREE","","http://majorgeeks.com/download.php?det=1207",""
"SwissKnife","V3.22","Hard Disk Utilities","ONGD; FREE","","http://www.compuapps.com/download/Swissknife/swissknife.htm","Convert NTFS to FAT32"
"DiskInternals NTFS Reader","2.0","Hard Disk Utilities","ONGD; FREE","","http://www.diskinternals.com/products/ntfs-reader","Access NTFS Drives"
"Partition Logic","0.69","Hard Disk Utilities","ONGD; FREE","","http://partitionlogic.org.uk","Repartition, Formats. Boots from CD"
"HDD Health","2.1 beta build 159","Hard Disk Utilities","LAST; FREE","","http://www.panterasoft.com",", build 159; S.M.A.R.T. monitor"
"Savepart","unspecified","Hard Disk Utilities","ONGD; FREE","","http://damien.guibouret.free.fr","save/restore partition"
"Scramdisk","3.01r3c","Hard Disk Utilities","LAST; FREE","","http://www.samsimpson.com/cryptography/scramdisk","File/Partition Encryption"
"Symantec Ghost","9.0","Hard Disk Utilities","LAST; $$$$","","http://www.symantec.com",""
"Norton PartitionMagic","8.0","Hard Disk Utilities","LAST; $$$$","","http://www.symantec.com",""
"XXCOPY","2.97.1","Hard Disk Utilities","ONGD; FREE","","http://www.xxcopy.com","cloning HDD's & System files"
"PowerQuest PartitionMagic","v8.02","Hard Disk Utilities","LAST; $$$$","","","convert NTFS to FAT32; 8.01 prefered"
"WinME Defrag","4.90.3000","Hard Disk Utilities","LAST; FREE","","http://www.mesich.com/framed.html?page=defrag",""
"ScanDefrag","5.6","Hard Disk Utilities","ONGD; FREE","","http://www.blueorbsoft.com/scandefrag/",""
"TheGun","unspecified","Notepad Replacements","LAST; FREE","","http://www.movsd.com/thegun.htm",""
"MetaPad","unspecified","Notepad Replacements","ONGD; FREE","","http://www.liquidninja.com/metapad",""
"Notepad2","unspecified","Notepad Replacements","ONGD; FREE","","http://notepad2.com",""
"Notepad++","unspecified","Notepad Replacements","ONGD; FREE","","http://notepad-plus.sourceforge.net/uk/site.htm",""
"EditPad Lite","unspecified","Notepad Replacements","ONGD; FREE","","http://www.editpadpro.com/editpadlite.html",""
"Programmer's File Editor","1.01","Notepad Replacements","LAST; FREE","","http://www.lancs.ac.uk/staff/steveb/cpaap/pfe/default.htm",""
"Nero Burning ROM","7.2.7","CD/DVD Authoring Programs","LAST; $$$$","","","6 offers greater stability"
"Deepburner","unspecified","CD/DVD Authoring Programs","ONGD; FREE","","http://www.deepburner.com",""
"Dvd Decrypter","unspecified","CD/DVD Authoring Programs","ONGD; FREE","","http://www.free-codecs.com/DVD_Decrypter_download.htm","DVD copy"
"Dvd Shrink","unspecified","CD/DVD Authoring Programs","ONGD; FREE","","http://www.dvdshrink.org","DVD copy"
"Clone Dvd","unspecified","CD/DVD Authoring Programs","ONGD; $$$$","","http://www.clonedvd.net","DVD copy"
"BurnAtOnce","unspecified","CD/DVD Authoring Programs","LAST; FREE","","http://www.burnatonce.net",""
"DVDFab HD Decrypter","unspecified","CD/DVD Authoring Programs","ONGD; FREE","","http://www.dvdfab.com/free.htm",""
"Burrrn","unspecified","CD/DVD Authoring Programs","ONGD; FREE","","http://www.burrrn.net/?page_id=4",""
"WinZip","10","Compression + Archival + Backup Utilities","LAST; SHAR","","http://www.winzip.com","*; WinZip 11.1 works"
"Stomp Backup MyPC","5.0","Compression + Archival + Backup Utilities","LAST; $$$$","","","4.10.18.0"
"WinRAR","unspecified","Compression + Archival + Backup Utilities","ONGD; SHAR","","http://www.rarsoft.com",""
"7-Zip","unspecified","Compression + Archival + Backup Utilities","ONGD; FREE","","http://www.7-zip.org",""
"ConeXware PowerArchiver","2007 10.20","Compression + Archival + Backup Utilities","ONGD; SHAR","","http://www.powerarchiver.com",""
"Microsoft Office XP","unspecified","Office Programs","LAST; $$$$","","",""
"Open Office","2.4.2","Office Programs","LAST; FREE","","http://www.openoffice.org",""
"Microsoft Office Converter Pack","97-2003","Office Programs","LAST; FREE","","http://www.microsoft.com/downloads/details.aspx?FamilyID=cf196df0-70e5-4595-8a98-370278f40c57&DisplayLang=en",""
"Microsoft Word 97 Viewer","97-2003","Office Programs","LAST; FREE","","http://downloads.pcworld.com/pub/new/business/add_ins_and_patches/wd97vwr32.exe","Viewer; 97-2003"
"Microsoft Excel 97 Viewer","97-2003","Office Programs","LAST; FREE","","http://downloads.pcworld.com/pub/new/business/add_ins_and_patches/xlviewer.exe","Viewer; 97-2003"
"Microsoft PowerPoint 2003 Viewer","2003","Office Programs","LAST; FREE","","http://www.microsoft.com/downloads/details.aspx?FamilyID=428d5727-43ab-4f24-90b7-a94784af71a4&DisplayLang=en","Viewer; 97-2003"
"Microsoft Visio 2002 Viewer","2002","Office Programs","LAST; FREE","","http://www.microsoft.com/downloads/details.aspx?FamilyID=8fad9237-c0a7-4b80-a5df-46ce54dad2df&DisplayLang=en","Viewer; 5-2002"
"JWPce","1.50","Office Programs","LAST; FREE","","http://www.physics.ucla.edu/~grosenth/jwpce.html","Japanese Word Processor"
"ABBYY FineReader","4.0.2.47","Optical Character Recognition (OCR)","ONGD; $$$$","","","newer works?"
"SmithMicro HotFax MessageCenter","5.0.1","Connectivity","LAST; $$$$","","http://www.smithmicro.com/",""
"Microsoft ActiveSync","3.8","Connectivity","LAST; FREE","","http://www.hpcfactor.com/support/syncsoft/activesync/","3.8.0.5004; not posted at MS..."
"iConnectHere Dialer","unspecified","Connectivity","ONGD; $$$$","","","PC-to-Phone"
"IVT BlueSoleil","2.1.0.0","Connectivity","LAST; $$$$","","","EDR Release 051216; Bluetooth Software"
"Citrix Presentation Server Client Package","9.246","Connectivity","LAST; FREE","","http://www.firstdatasystems.com/support_downloads.php","9.237 available from"
"Microsoft Remote Desktop Connection Software XPSP2","5.1.2600.2180","Connectivity","LAST; FREE","","http://www.microsoft.com/downloads/details.aspx?FamilyID=80111f21-d48d-426e-96c2-08aa2bd23a49%26DisplayLang%3Den",""
"Microsoft Remote Desktop Web Connection XPSP2","5.1.2600.2180","Connectivity","LAST; FREE","","http://www.microsoft.com/downloads/details.aspx?FamilyID=469eee3a-45b4-4b40-b695-b678646a728b%26DisplayLang%3Den",""
"Norton Web Services","unspecified","Connectivity","LAST; $$$$","","http://www.symantec.com",""
"pcAnywhere","12.0","Connectivity","LAST; $$$$","","http://www.symantec.com",""
"Procomm Plus","4.8","Connectivity","LAST; $$$$","","http://www.symantec.com",""
"TalkWorks PRO","3.0","Connectivity","LAST; $$$$","","http://www.symantec.com",""
"WinFax PRO","10.02","Connectivity","LAST; $$$$","","http://www.symantec.com",""
"WinFax Basic","10.02","Connectivity","LAST; $$$$","","http://www.symantec.com",""
"BitTorrent","6.0","File Sharing and File Downloaders","ONGD; FREE","","http://www.bittorrent.com",""
"LimeWire","4.14","File Sharing and File Downloaders","ONGD; FREE","","http://www.limewire.com",""
"Shareaza","unspecified","File Sharing and File Downloaders","ONGD; FREE","","http://shareaza.sourceforge.net",""
"Clickster","unspecified","File Sharing and File Downloaders","ONGD; FREE","","http://www.remlapsoftware.com/clickster.htm","music finder program. Not P2P"
"Lightning Download","unspecified","File Sharing and File Downloaders","ONGD; SHAR","","http://www.lightningdownload.com","Download accelerator"
"Get Right","unspecified","File Sharing and File Downloaders","ONGD; SHAR","","http://www.getright.com","Download Manager"
"FileZilla","2.2.22","File Sharing and File Downloaders","LAST; FREE","","",""
"FileZilla Server","0.9.12c","File Sharing and File Downloaders","LAST; FREE","","http://downloads.sourceforge.net/filezilla/FileZilla_Server-0.9.12c.exe",""
"Convar PC Inspector File Recovery","4.0","File Recovery","ONGD; FREE","","http://www.pcinspector.de",""
"Convar PC Inspector Smart Recovery","4.50.0001","File Recovery","ONGD; FREE","","http://www.pcinspector.de",""
"UGS Solid Edge","10.8","CAD + CAM + Design & Drafting Software","LAST; $$$$","","http://www.solid-edge.com",""
"3D Home Architect","7.0","CAD + CAM + Design & Drafting Software","LAST; $$$$","","","Cadsoft Envisioneer 2.5.0.0"
"McNeel Rhino","3.0","CAD + CAM + Design & Drafting Software","LAST; $$$$","","http://www.rhino3d.com","NURBS Modelling"
"3D Studio Max","5","CAD + CAM + Design & Drafting Software","LAST; $$$$","","","Not all features are supported"
"AutoDesk AutoCad","2002","CAD + CAM + Design & Drafting Software","LAST; $$$$","","http://www.autodesk.com",""
"Microsoft DirectX","9.0c","Windows Components","LAST; FREE","","http://download.microsoft.com/download/8/c/9/8c968ecc-8402-49f3-aacb-dc4c5d230a9a/directx_dec2006_redist.exe","December 2006"
"Microsoft Windows Installer","2.0","Windows Components","LAST; FREE","","http://download.microsoft.com/download/WindowsInstaller/Install/2.0/W9XMe/EN-US/InstMsiA.exe",""
"Microsoft .NET Framework","2.0","Windows Components","LAST; FREE","","http://download.microsoft.com/download/5/6/7/567758a3-759e-473e-bf8f-52154438565a/dotnetfx.exe",""
"Microsoft Font properties extension","2.1","Windows Components","LAST; FREE","","http://download.microsoft.com%2Fdownload%2...bf%2Fttfext.exe",""
"Microsoft Data Access Components","2.8 SP1","Windows Components","LAST; FREE","","http://www.microsoft.com/downloads/details.aspx?familyid=78cac895-efc2-4f8e-a9e0-3a1afbd5922e&displaylang=en","MDAC"
"Connectix Virtual PC","5.1.0.370","Virtual Machines","LAST; $$$$","","","Connectix bought by MS"
"Microsoft Visual Studio","6.0","Programming","LAST; $$$$","","",""
"Microsoft Platform SDK for Windows Server 2003 R2","unspecified","Programming","LAST; FREE","","http://www.microsoft.com%2Fdownloads%2Fdet...isplayLang%3Den",""
"Microsoft Orca","2.0.3790.0","Programming","LAST; FREE","","",""
"MS Debugging Tools Windows","6.2.13.1","Programming","LAST; FREE","MSI edit with Orca to remove LaunchCondition","http://msdl.microsoft.com/download/symbols/debuggers/dbg_x86_6.2.13.1.exe","last ANSI,extract MSI,edit with Orca,rem LaunchCondition"
"ActiveState ActivePerl","5.8.8.822","Programming","ONGD; FREE","","http://www.activestate.com/Products/activeperl",""
"Prima Perl Toolkit","1.23","Programming","ONGD; FREE","","http://www.prima.eu.org/",""
"Regina Rexx","unspecified","Programming","ONGD; FREE","","http://regina-rexx.sourceforge.net/index.html",""
"Script Sentry","2.7.1","Programming","LAST; FREE","","http://www.jasons-toolbox.com/programs.asp?Program=Script%20Sentry",""
"Legacy Family Tree Standard Edition","6.0","Genealogy","ONGD; FREE","","http://www.legacyfamilytree.com/DownloadLegacy.asp",""
"Legacy Family Tree Deluxe Edition","6.0","Genealogy","ONGD; $$$$","","http://www.legacyfamilytreestore.com/SearchResults.asp?Cat=1","Deluxe Edition"
"Family Tree Maker","2006 16.0.350.0","Genealogy","LAST; $$$$","","http://past.familytreemaker.com/FTM16.aspx",""
"Atomic Clock Sync","2.7.0.3","Time Synchronisation","LAST; FREE","","http://www.worldtimeserver.com","no longer updated or posted"
"Neutron","unspecified","Time Synchronisation","ONGD; FREE","","http://keir.net/neutron.html","7KB Atomic Time Synchronisation"
"AnalogX Atomic TimeSync","1.03","Time Synchronisation","LAST; FREE","","http://www.analogx.com/contents/download/network/ats.htm",""
"AtomTime Pro","v3.1d","Time Synchronisation","ONGD; $$$$","","http://www.atomtime.com",""
"AIDA32","3.94.2","System Information","LAST; FREE","","http://www.oldversion.com/AIDA32.html",""
"EVEREST Home Edition","2.20.405","System Information","LAST; FREE","","http://www.oldversion.com/Everest-Home-Edition.html",""
"Belarc Advisor","8.1e","System Information","ONGD; FREE","","http://www.belarc.com/free_download.html",""
"Fresh Diagnose","8.02","System Information","ONGD; FREE","","http://www.freshdevices.com/freshdiag.html",""
"HWiNFO32","2.38-207","System Information","ONGD; FREE","","http://www.hwinfo.com/download32.html",""
"SIW","unspecified","System Information","ONGD; FREE","","http://www.gtopala.com",""
"SUMo","2.7.0.81","Updaters","ONGD; FREE","","http://www.kcsoftwares.com/index.php?sumo","Software Update Monitor"
"FileHippo.com Update Checker","1.035","Updaters","ONGD; FREE","","http://www.filehippo.com/updatechecker/",""
"Calendar 2000","unspecified","Others","ONGD; FREE","","http://www.gregorybraun.com/Calendar.html",""
"MobTime Cell Phone Manager","v. 6.0.9","Others","LAST; $$$$","","http://www.mobtime.com/en/cpm/cpm_en_v6.0.9.exe",""
"Microsoft File Checksum Integrity Verifier","unspecified","Others","LAST; FREE","","https://msfn.org/board/ipb_seo.php?url=http%3A%2F%2Fwww.microsoft.com%2Fdownloads%2Fdetails.aspx%3FFamilyID%3DB3C93558-31B7-47E2-A663-7365C1686C08%26displaylang%3Den",""
"System Scheduler Free Version","unspecified","Others","ONGD; FREE","","http://www.splinterware.com/products/wincron.htm","schedule unattended tasks"
"Clipboards","unspecified","Others","ONGD; FREE","","http://www.splinterware.com/products/clipboards.htm","Gives 9 clipboards to Win9x"
"LaunchKey","unspecified","Others","ONGD; FREE","","http://www.splinterware.com/products/launchkey.htm",""
"Wink","unspecified","Others","ONGD; FREE","","http://www.debugmode.com/wink","Tutorial and Presentation creation software"
"PieceofCake","2009","Others","ONGD; FREE","","http://www.pieceofcake.ws","(Recipe Manager)"
"Double Driver","2.1.0","Others","ONGD; FREE","","http://www.boozet.org/dd.htm",""
"Adobe InDesign","2.0","Others","LAST; $$$$","","","eBay"
"Adobe Premiere","6.5","Others","LAST; $$$$","","","eBay"
"Steinberg Cubase VST","5","Others","LAST; $$$$","","","eBay"
"Steinberg Wavelab","4","Others","LAST; $$$$","","","eBay"
"Cakewalk Sonar","2","Others","LAST; $$$$","","","eBay"
"Emagic Logic","5.5","Others","LAST; $$$$","","","eBay"
"Sonic Foundry Sound Forge","5","Others","LAST; $$$$","","","eBay"
"Sonic Foundry Acid Pro","4","Others","LAST; $$$$","","","eBay"
"Corel Painter","8","Others","LAST; $$$$","","","eBay"
"Corel Draw","11","Others","LAST; $$$$","","","eBay"
"Serif Photoplus","11","Others","LAST; $$$$","","","eBay"
"Serif DrawPlus","8","Others","LAST; $$$$","","","eBay"
"Serif WebPlus","10","Others","LAST; $$$$","","","eBay"
"Serif PagePlus","11","Others","LAST; $$$$","","","eBay"
"Serif ImpactPlus","5","Others","LAST; $$$$","","","eBay"
"Serif MoviePlus","4","Others","LAST; $$$$","","","eBay"
"Jasc Paint Shop Pro","9","Others","LAST; $$$$","","","eBay"
"Ulead MediaStudio Pro","7","Others","LAST; $$$$","","","eBay"
"Ulead Photoimpact","11","Others","LAST; $$$$","","","eBay"
"Peer Monitor","1.6.74","Others","LAST; FREE","","http://www.peermonitor.com/download.aspx",""
"DING!","1.05.005","Others","ONGD; FREE","","http://www.southwest.com/cgi-bin/systray?action=download",""
"Find And Run Robot","2.80.01","Others","ONGD; FREE","","http://www.donationcoder.com/Software/Mouser/findrun/",""
"AMD Athlon 64 Cool'n'Quiet","1.0.8.1","System Utilities","LAST; FREE","","http://www.amd.com/us-en/Processors/TechnicalResources/0,,30_182_871_9706,00.html","Processor Cool'n'Quiet; 1.0.8.1"
"CrystalCPUID","unspecified","System Utilities","ONGD; FREE","","http://crystalmark.info/?lang=en&quot",""
"cpu-z","unspecified","System Utilities","ONGD; FREE","","http://www.cpuid.com",""
"nVidia Official ForceWare","81.98","nVIDIA Video Drivers","LAST; FREE","","http://www.nvidia.com/object/win9x_81.98.html","GeForce 2MX to 6800"
"nVidia Official ForceWare","71.84","nVIDIA Video Drivers","LAST; FREE","","http://www.nvidia.com/object/71.84_9x_supported.html","TNT2 to GeForce 2"
"nVidia Unofficial ForceWare","82.69","nVIDIA Video Drivers","LAST; FREE","","http://www.mdgx.com/files/NV8269.EXE","GeForce 2MX to 8800"
"nVidia Official RIVA 128 driver","unspecified","nVIDIA Video Drivers","LAST; FREE","","http://www.nvidia.com/object/riva_drivers.html",""
"AMD ATI Catalyst","6.2","Ati Video Drivers","LAST; FREE","","http://ati.amd.com/support/drivers/98me/radeonaiw-98me.html","Radeon 7000 to 9800"
"AMD ATI RAGE Series","unspecified","Ati Video Drivers","LAST; FREE","","http://ati.amd.com/support/drivers/98me/legacy-98me.html",""
"Voodoo Win9x Drivers","unspecified","3dfx Video Drivers","LAST; FREE","","http://www.falconfly.de/3dfx",""
"Intel Video Driver","13.6.1","Intel Video Drivers","LAST; FREE","","http://downloadcenter.intel.com/filter_results.aspx?strTypes=all&ProductID=1044&OSFullName=Windows*+98+SE%E2%8C%A9=eng&strOSs=18&submit=Go%21","For 830M, 845G, 852, 855, 865G"
"Intel Video Driver","6.7","Intel Video Drivers","LAST; FREE","","http://downloadcenter.intel.com/filter_results.aspx?strTypes=all&ProductID=797&OSFullName=Windows*+98+SE%E2%8C%A9=eng&strOSs=18&submit=Go%21","For 810, 815"
"Intel i740 Video Driver","PV40_9","Intel Video Drivers","LAST; FREE","","http://downloadcenter.intel.com/filter_results.aspx?strTypes=all&ProductID=76&OSFullName=Windows*+98+SE%E2%8C%A9=eng&strOSs=18&submit=Go%21",""
"Intel CHIPS Video Driver","unspecified","Intel Video Drivers","LAST; FREE","","http://downloadcenter.intel.com/filter_results.aspx?strTypes=all&ProductID=78&OSFullName=Windows*+98+SE%E2%8C%A9=eng&strOSs=18&submit=Go%21","For 65xxx, 68xxx, 69xxx"
"SiS Xabre80, Xabre200, Xabre400, Xabre600 Video Driver","3.57.53","SiS Video Drivers","LAST; FREE","","http://driver.sis.com/graphic/gpu/xabre/xabre35753.zip",""
"SiS SiS315E, SiS315 Video Driver","3.51a","SiS Video Drivers","LAST; FREE","","http://driver.sis.com/graphic/gpu/315/315_351a.zip",""
"SiS SiS300, SiS305 Video Driver","1.15","SiS Video Drivers","LAST; FREE","","http://driver.sis.com/graphic/gpu/300/300_115_win9x.zip",""
"SiS SiS6326, SiS6326AGP, SiS6326DVD Video Driver","1.32","SiS Video Drivers","LAST; FREE","","http://driver.sis.com/graphic/gpu/6326/6326_132_win98me.zip",""
"SiS SiS66x, SiS67x, SiS74x, SiS76x UniVGA3 Video Driver","3.83","SiS Video Drivers","ONGD; FREE","","http://driver.sis.com/graphic/igp/uniVGA3/uvga3_383.zip",""
"SiS SiS65x, SiS740 UniVGA3 Video Driver","3.73","SiS Video Drivers","LAST; FREE","","http://driver.sis.com/graphic/igp/uniVGA3/uvga3_373.zip",""
"SiS SiS540, SiS630x, SiS730x Video Driver","2.08a","SiS Video Drivers","LAST; FREE","","http://driver.sis.com/graphic/igp/730630/630_208a_win9x.zip",""
"Rivatuner","RC15","Graphic System Tweakers","LAST; FREE","","http://www.guru3d.com/rivatuner","(Version 2 works)"
"VIA Hyperion Pro (without 9x VIAStor IDE driver)","5.13A","Chipset Drivers","ONGD; FREE","","http://www.viaarena.com/default.aspx?PageID=420&OSID=6&CatID=1110","VIAStor IDE driver; 5.13A"
"VIA Hyperion Pro (with 9x VIAStor IDE driver)","5.11A","Chipset Drivers","LAST; FREE","","http://drivers.viaarena.com/via_hyperionpro_v511a(20070131140503).zip","with Windows 9x VIAStor IDE driver * Install VIA Hyperion Pro 5.11A followed by 5.13A to get IDE driver and also latest other drivers/infs."
"VIA Hyperion Pro (with 9x VIAStor IDE driver)","5.20A","Chipset Drivers","ONGD; FREE","","http://www.viaarena.com/default.aspx?PageID=420&OSID=6&CatID=1110","5.20A with 9x VIAStor IDE driver"
"Intel Chipset Software Install Utility","6.3.0.1007","Chipset Drivers","LAST; FREE","","http://downloadcenter.intel.com/filter_results.aspx?strTypes=all&ProductID=816&OSFullName=Windows*+98+SE%E2%8C%A9=eng&strOSs=18&submit=Go%21","Newer 800 Series Chipsets"
"Intel Chipset Software Install Utility","3.20.1008","Chipset Drivers","LAST; FREE","","http://downloadcenter.intel.com/filter_results.aspx?strTypes=all&ProductID=816&OSFullName=Windows*+98+SE%E2%8C%A9=eng&strOSs=18&submit=Go%21","Older 400 Series Chipsets"
"VIA Vinyl Audio Driver","7.00b","Audio Drivers","ONGD; FREE","","http://www.viaarena.com/default.aspx?PageID=420&OSID=6&CatID=1440","7.00b"
"VIA Envy24 Audio Driver","5.20b","Audio Drivers","ONGD; FREE","","http://www.viaarena.com/default.aspx?PageID=420&OSID=6&CatID=1440","5.20b"
"Creative Sound Blaster 16/32/AWE driver","Revision 16","Audio Drivers","LAST; FREE","","http://us.creative.com/support/downloads/download.asp?MainCategory=1&nRegionFK=&nCountryFK=&nLanguageFK=&sOSName=Windows+98SE%AEion=1&Product_Name=Sound+Blaster+AWE64&Product_ID=1849&modelnumber=&driverlang=1033&OS=3&drivertype=0&x=24&y=11","/32/AWE Revision 16; Used by Virtual PC"
"Creative Sound Blaster PCI/4.1 Digital/Vibra128","v5.12.01","Audio Drivers","LAST; FREE","","http://us.creative.com/support/downloads/download.asp?MainCategory=1&nRegionFK=&nCountryFK=&nLanguageFK=&sOSName=Windows+98SE%AEion=1&Product_Name=Sound+Blaster+PCI+128&Product_ID=1864&modelnumber=&driverlang=1033&OS=3&drivertype=0&x=21&y=10",""
"Creative Sound Blaster Ensoniq AudioPCI","v5.12.01","Audio Drivers","LAST; FREE","","http://us.creative.com/support/downloads/download.asp?MainCategory=1&nRegionFK=&nCountryFK=&nLanguageFK=&sOSName=Windows+98SE%AEion=1&Product_Name=Sound+Blaster+PCI+128&Product_ID=1864&modelnumber=&driverlang=1033&OS=3&drivertype=0&x=21&y=10",""
"Creative Sound Blaster PCI 512 driver","4.06.711","Audio Drivers","LAST; FREE","","http://us.creative.com/support/downloads/download.asp?MainCategory=1&nRegionFK=&nCountryFK=&nLanguageFK=&sOSName=Windows+98SE%AEion=1&Product_Name=Sound+Blaster+PCI+512&Product_ID=37&modelnumber=&driverlang=1033&OS=3&drivertype=0&x=19&y=9","v4.06.711"
"Creative Sound Blaster Live! Series driver","unspecified","Audio Drivers","LAST; FREE","","http://us.creative.com/support/downloads/download.asp?MainCategory=1&nRegionFK=&nCountryFK=&nLanguageFK=&sOSName=Windows+98SE%AEion=1&Product_Name=Live%21&Product_ID=4857&modelnumber=&driverlang=1033&OS=3&drivertype=0&x=23&y=15",""
"Creative Sound Blaster Live! 5.1 Series driver","unspecified","Audio Drivers","LAST; FREE","","http://us.creative.com/support/downloads/download.asp?MainCategory=1&nRegionFK=&nCountryFK=&nLanguageFK=&sOSName=Windows+98SE%AEion=1&Product_Name=Live%21+5.1&Product_ID=50&modelnumber=&driverlang=1033&OS=3&drivertype=0&x=18&y=14",""
"Creative Sound Blaster Audigy Series Audio Driver","unspecified","Audio Drivers","LAST; FREE","","http://us.creative.com/support/downloads/download.asp?MainCategory=1&nRegionFK=&nCountryFK=&nLanguageFK=&sOSName=Windows+98SE%AEion=1&Product_Name=Audigy&Product_ID=4847&modelnumber=&driverlang=1033&OS=3&drivertype=0&x=16&y=13",""
"Ensoniq Soundscape VIVO 90 driver","1.00.08 (from link)","Audio Drivers","LAST; FREE","","http://support.gateway.com/support/drivers/getFile.asp?id=14265&dscr=Soundscape%20InstallWizard,%20version%201.00.08",""
"Maximus Decim Native USB","3.3","USB Drivers","ONGD; FREE","","https://msfn.org/board/Maximum-Decim-Native-USB-t43605.html","for USB flash disks and more"
"Intel PRO Series Network Drivers (without PROSet II)","10.3","Network Adapter Drivers","LAST; FREE","","http://downloadcenter.intel.com/Detail_Desc.aspx?agr=Y&Inst=Yes&ProductID=407&DwnldID=4235&strOSs=18&OSFullName=Windows*%2098%20SE%E2%8C%A9=eng","10.3 (without PROSet II)"
"Intel PRO Series Network Drivers (with PROSet II)","10.1","Network Adapter Drivers","LAST; FREE","","http://downloadcenter.intel.com/Detail_Desc.aspx?agr=Y&Inst=Yes&ProductID=407&DwnldID=4236&strOSs=18&OSFullName=Windows*%2098%20SE%E2%8C%A9=eng","10.1 (with PROSet II)"
"Intel 21143/DC21x4/DEC DE500 driver","5.5","Network Adapter Drivers","LAST; FREE","","http://downloadcenter.intel.com/filter_results.aspx?strTypes=all&ProductID=982&OSFullName=All+Operating+Systems%E2%8C%A9=eng&strOSs=All&submit=Go%21","/DC21x4/DEC DE500 PCI/CardBus 5.5; Used by Virtual PC"
"Realtek Network Drivers","6.73","Network Adapter Drivers","ONGD; FREE","","http://www.realtek.com.tw/downloads/downloadsView.aspx?Langid=1&PNid=6&PFid=6&Level=5&Conn=4&DownTypeID=3&GetDown=false","6.73"
"Broadcom NetXtreme Network Drivers","10.24d","Network Adapter Drivers","LAST; FREE","","http://www.broadcom.com%2Fsupport%2Fethern...eme_desktop.php",""
"Broadcom NetLink 57xx Network Drivers","10.24d","Network Adapter Drivers","LAST; FREE","","http://www.broadcom.com/support/ethernet_nic/netlink.php","Network Drivers 10.24d"
"Broadcom NetLink 4401 Network Drivers","4.60","Network Adapter Drivers","LAST; FREE","","http://www.broadcom.com/support/ethernet_nic/4401.php","Network Drivers 4.60"
"Intel PRO/Wireless 2011 LAN PC Card","3.1.1.31","Intel Wireless Drivers","LAST; FREE","","http://downloadcenter.intel.com/filter_results.aspx?strTypes=all&ProductID=450&OSFullName=Windows*+98+SE%E2%8C%A9=eng&strOSs=18&submit=Go%21","LAN PC Card 3.1.1.31"
"Intel PRO/Wireless 2011B LAN PC Card","3.1.1.31","Intel Wireless Drivers","LAST; FREE","","http://downloadcenter.intel.com/filter_results.aspx?strTypes=all&ProductID=763&OSFullName=Windows*+98+SE%E2%8C%A9=eng&strOSs=18&submit=Go%21","LAN PC Card 3.1.1.31"
"Intel PRO/Wireless 2011B LAN PCI Adapter","1.0","Intel Wireless Drivers","LAST; FREE","","http://downloadcenter.intel.com/filter_results.aspx?strTypes=all&ProductID=819&OSFullName=Windows*+98+SE%E2%8C%A9=eng&strOSs=18&submit=Go%21","LAN PCI Adapter 1.0"
"Intel PRO/Wireless 2011B LAN USB Device","1.0","Intel Wireless Drivers","LAST; FREE","","http://downloadcenter.intel.com/filter_results.aspx?strTypes=all&ProductID=791&OSFullName=Windows*+98+SE%E2%8C%A9=eng&strOSs=18&submit=Go%21","LAN USB Device 1.0"
"Intel PRO/Wireless 5000 LAN CardBus Adapter","1.0.1.33","Intel Wireless Drivers","LAST; FREE","","http://downloadcenter.intel.com/filter_results.aspx?strTypes=all&ProductID=809&OSFullName=Windows*+98+SE%E2%8C%A9=eng&strOSs=18&submit=Go%21","LAN CardBus Adapter 1.0.1.33"
"Intel PRO/Wireless 5000 LAN PCI Adapter","1.0.1.33","Intel Wireless Drivers","LAST; FREE","","http://downloadcenter.intel.com/filter_results.aspx?strTypes=all&ProductID=860&OSFullName=Windows*+98+SE%E2%8C%A9=eng&strOSs=18&submit=Go%21","LAN PCI Adapter 1.0.1.33"
"Intel Xircom CreditCard Wireless","4.15","Intel Wireless Drivers","LAST; FREE","","http://downloadcenter.intel.com/filter_results.aspx?strTypes=all&ProductID=686&OSFullName=Windows*+98+SE%E2%8C%A9=eng&strOSs=18&submit=Go%21","CWE-1120, CWE-1130"
"SiS SiS96x RAID Driver","4.11a","Storage Drivers","ONGD; FREE","","http://driver.sis.com/raid/raid411a.zip",""
"Intel Application Accelerator","2.3","Storage Drivers","LAST; FREE","","http://downloadcenter.intel.com/filter_results.aspx?strTypes=all&ProductID=663&OSFullName=Windows*+98+SE%E2%8C%A9=eng&strOSs=18&submit=Go%21","For Desktop 800 Series Intel Chipsets"
"Intel Application Accelerator","2.2.2","Storage Drivers","LAST; FREE","","http://downloadcenter.intel.com/filter_results.aspx?strTypes=all&ProductID=663&OSFullName=Windows*+98+SE%E2%8C%A9=eng&strOSs=18&submit=Go%21","For Mobile 800 Series Intel Chipsets"
"Silicon Image SiI3x12 SATA150 IDE Driver","1.2.0.57","Storage Drivers","LAST; FREE","","http://www.siliconimage.com%2Fdocs%2F3112A..._idvr-12057.zip","Port SATA150 IDE Driver 1.2.0.57"
"Silicon Image SiI3x12 SATA150 SATARAID Driver","1.00.51","Storage Drivers","LAST; FREE","","http://www.siliconimage.com%2Fdocs%2FSiI3x...%2520Driver.zip","Port SATA150 SATARAID Driver 1.00.51"
"Silicon Image SiI3114 SATA150 IDE Driver","1.2.0.5","Storage Drivers","LAST; FREE","","http://www.siliconimage.com%2Fdocs%2F3114_...e_logo_1205.zip","Port SATA150 IDE Driver 1.2.0.5"
"Silicon Image SiI3114 SATA150 SATARAID Driver","1.0.0.8","Storage Drivers","LAST; FREE","","http://www.siliconimage.com%2Fdocs%2F3114_..._raid_1008b.zip","Port SATA150 SATARAID Driver 1.0.0.8"
"Silicon Image SiI0680x IDE/PATA IDE Driver","1.0.0.12","Storage Drivers","LAST; FREE","","http://www.siliconimage.com%2Fdocs%2FSiI06...Windows_IDE.zip","Port IDE/PATA IDE Driver 1.0.0.12"
"Silicon Image SiI0680x IDE/PATA RAID Driver","1.0.1.7","Storage Drivers","LAST; FREE","","http://www.siliconimage.com%2Fdocs%2FSiI0680a_rdrv1017.zip","Port IDE/PATA RAID Driver 1.0.1.7"
"Microsoft IntelliPoint","4.12","Mouse Drivers","LAST; FREE","","http://download.microsoft.com%2Fdownload%2...12EngALLMsi.exe","4.10.851.0"
"Microsoft IntelliType","2.22","Mouse Drivers","LAST; FREE","","http://download.microsoft.com%2Fdownload%2...22EngALLMsi.exe","2.20.448.0"
"Kensington MouseWorks Software","Version 6.11","Mouse Drivers","ONGD; FREE","","http://us.kensington.com/html/1466.html#mw611",""
"Sonix SN9C105 PC Camera Controller Driver","unspecified","Webcam Drivers","ONGD; FREE","","http://www.sonix.com.tw/sonix/product.do?p=SN9C105","Webcam; 5.21.2000"
"Mustek 1200 UB Plus Scanner Driver","2.0","Scanner Drivers","LAST; FREE","","http://www.mustek.com.tw/apprg/listdriver?LID=2&PRODUCTID=SOff1200UBPlus","UB Plus Scanner Driver 2.0"
"Nokia PC Suite","5.8","Connectivity","LAST; FREE","","http://nds2.nokia.com%2Ffiles%2Fsupport%2F...Suite_58_en.exe",""
"MameUI32","unspecified","Emulators and Utilities","ONGD; FREE","","http://mame32qa.classicgaming.gamespy.com/","Multiple Arcade Machine Emulator"
"ClrMamePro","3.109a","Emulators and Utilities","LAST; FREE","","http://www.mamechannel.it/files_support/cmp3109a.zip","Mame Data Manager"
"EA Sports Fifa","2005","Games","LAST; $$$$","","http://www.easports.com",""
"Torino","2006","Games","LAST; $$$$","","http://2ksports.com/games/torino2006",""
"PHANTASY STAR ONLINE Blue Burst","unspecified","Games","LAST; $$$$","","http://psobb.com/index.php","dx9.0b, OLG"
"MS Flight Simulator","2004","Games","LAST; $$$$","","http://www.microsoft.com",""
"FlightGear","unspecified","Games","ONGD; FREE","","http://www.flightgear.org/Downloads/binary.shtml#windows","Flight Simulator"
"APC PowerChute plus","5.0.2","Uninterruptible Power Supply (UPS)","LAST; FREE","","ftp://ftp.apcc.com/apc/public/software/wi...2/pcplus502.exe","for Smart-UPS"
"APC PowerChute Personal Edition","1.5.0","Uninterruptible Power Supply (UPS)","LAST; FREE","","ftp://ftp.apcc.com/apc/public/software/wi...onalEdition.exe","for Back-UPS"
"Powercom UPSMON","2.743","Uninterruptible Power Supply (UPS)","LAST; FREE","","http://www.pcmups.com.tw/download/Download/upsmon2_743.zip",""
