source,name,version,os,needs,category,license_class,license,license_evidence,homepage,download,notes
"msfn-95","7-zip","9.20","95","","","open-source","LGPL-2.1-or-later (with unRAR restriction)","","","http://www.7-zip.org/a/7z920.exe","status LAST (last version supporting Win95); class from source tag 'FREE'; release date per source: 2010-11-18; from opening post list; open-source class and SPDX id from memory, not stated by source"
"msfn-95","Adobe Acrobat Reader","5.1","95","","","freeware","FREE (Freeware/Open Source per thread legend)","https://msfn.org/board/topic/176623-last-versions-of-software-for-windows-95/#findComment-1137692","","http://www.oldversion.com/windows/acrobat-reader-5-1","status LAST (last version supporting Win95); class from source tag 'FREE'; release date per source: 2001-12-25; from opening post list; caution (from memory): Adobe Reader redistribution needs a separate Adobe distribution agreement"
"msfn-95","Attribute Changer","5.30","95","","","freeware","FREE (Freeware/Open Source per thread legend)","https://msfn.org/board/topic/176623-last-versions-of-software-for-windows-95/#findComment-1137692","","http://web.archive.org/web/20071219023529/http://webplaza.pt.lu/public/rpetges/download/ac.exe","status LAST (last version supporting Win95); class from source tag 'FREE'; release date per source: 2007-05-30; from opening post list"
"msfn-95","DOSBox","0.7.4","95","","","open-source","GPL-2.0-or-later","","","http://www.dosbox.com/download.php?main=1","status ???? (unknown if last); class from source tag 'FREE'; release date per source: 2010-05-14; from opening post list; open-source class and SPDX id from memory, not stated by source"
"msfn-95","FileZilla","2.2.18","95","","","open-source","GPL-2.0-or-later","","","http://www.oldapps.com/filezilla.php?old_filezilla=46","status LAST (last version supporting Win95); class from source tag 'FREE'; release date per source: 2005-12-29; from opening post list; open-source class and SPDX id from memory, not stated by source"
"msfn-95","Mozilla Firefox","1.5.0.12","95","","","open-source","MPL-1.1 OR GPL-2.0-or-later OR LGPL-2.1-or-later","","","https://ftp.mozilla.org/pub/firefox/releases/1.5.0.12/win32/en-US/","status LAST (last version supporting Win95); class from source tag 'FREE'; release date per source: 2007-05-30; from opening post list; open-source class and SPDX id from memory, not stated by source"
"msfn-95","GeneRally","1.05","95","","","freeware","FREE (Freeware/Open Source per thread legend)","https://msfn.org/board/topic/176623-last-versions-of-software-for-windows-95/#findComment-1137692","","http://www.planet-generally.de/download.php?view.71","status LAST (last version supporting Win95); class from source tag 'FREE'; release date per source: 2003-12-22; from opening post list"
"msfn-95","GrafX2","2.2.4","95 OSR2.x","Windows 95 OSR 2.x (superscript 2 in source)","","open-source","GPL-2.0","","http://pulkomandy.tk/projects/GrafX2/downloads","http://pulkomandy.tk/projects/GrafX2/downloads","status ???? (unknown if last); class from source tag 'FREE'; from opening post list; open-source class and SPDX id from memory, not stated by source"
"msfn-95","Internet Explorer","5.5 SP2","95","","","commercial","Microsoft (proprietary)","","","http://www.oldversion.com/windows/internet-explorer-5-5-sp2","status LAST (last version supporting Win95); class from source tag 'FREE'; release date per source: 2000-07-08; from opening post list; Microsoft component; class from memory"
"msfn-95","Java Runtime Environment","1.5.0 Update 5","95","","","freeware","FREE (Freeware/Open Source per thread legend)","https://msfn.org/board/topic/176623-last-versions-of-software-for-windows-95/#findComment-1137692","","http://www.oldapps.com/java.php?old_java=20","status LAST (last version supporting Win95); class from source tag 'FREE'; release date per source: 2005-09-18; from opening post list; caution (from memory): Sun Binary Code License: redistribution only under its conditions"
"msfn-95","Norton SystemWorks 2001","","95 OSR2.x","Windows 95 OSR 2.x (superscript 2 in source)","","commercial","$$$$ (commercial per thread legend)","https://msfn.org/board/topic/176623-last-versions-of-software-for-windows-95/#findComment-1137692","","","status LAST (last version supporting Win95); class from source tag '$$$$'; from opening post list"
"msfn-95","PhotoFiltre","7.2.1","95","","","freeware","FREE (Freeware/Open Source per thread legend)","https://msfn.org/board/topic/176623-last-versions-of-software-for-windows-95/#findComment-1137692","","http://static.infomaniak.ch/photofiltre/utils/pf7/pf7-en-7.2.1.zip","status ???? (unknown if last); class from source tag 'FREE'; from opening post list; caution (from memory): PhotoFiltre 7: free for private/educational use"
"msfn-95","PowerDesk","5.0.1.6","95","","","freeware","FREE (Freeware/Open Source per thread legend)","https://msfn.org/board/topic/176623-last-versions-of-software-for-windows-95/#findComment-1137692","","https://web-beta.archive.org/web/20070319093210/http://www.v-com.com/download/pd/pd5free.exe","status LAST (last version supporting Win95); class from source tag 'FREE'; from opening post list"
"msfn-95","Apple QuickTime","5.0.5","95","","","freeware","FREE (Freeware/Open Source per thread legend)","https://msfn.org/board/topic/176623-last-versions-of-software-for-windows-95/#findComment-1137692","","http://www.oldversion.com/windows/quicktime-5-0-5","status LAST (last version supporting Win95); class from source tag 'FREE'; release date per source: 2002-07-15; from opening post list; caution (from memory): QuickTime redistribution needed an Apple license"
"msfn-95","SeaMonkey","1.1.19","95","","","open-source","MPL-1.1 OR GPL-2.0-or-later OR LGPL-2.1-or-later","","","https://ftp.mozilla.org/pub/seamonkey/releases/1.1.19/","status LAST (last version supporting Win95); class from source tag 'FREE'; release date per source: 2010-03-16; from opening post list; open-source class and SPDX id from memory, not stated by source"
"msfn-95","Stella","2.8.4","95","","","open-source","GPL-2.0-or-later","","","https://github.com/stella-emu/stella/releases/tag/release-2.8.4","status LAST (last version supporting Win95); class from source tag 'FREE'; release date per source: 2009-07-04; from opening post list; open-source class and SPDX id from memory, not stated by source"
"msfn-95","Winamp","2.95","95","","","freeware","FREE (Freeware/Open Source per thread legend)","https://msfn.org/board/topic/176623-last-versions-of-software-for-windows-95/#findComment-1137692","","http://www.oldversion.com/windows/winamp-2-95","status LAST (last version supporting Win95); class from source tag 'FREE'; release date per source: 2003-06-26; from opening post list"
"msfn-95","WinZip","8.1 SR1","95","","","shareware","SHAR (Shareware per thread legend)","https://msfn.org/board/topic/176623-last-versions-of-software-for-windows-95/#findComment-1137692","","http://www.oldversion.com/windows/winzip-8-1-sr1","status LAST (last version supporting Win95); class from source tag 'SHAR'; release date per source: 2002-10-24; from opening post list"
"msfn-95","Adobe Illustrator","8","95","","","commercial","$$$$ (commercial per thread legend)","https://msfn.org/board/topic/176623-last-versions-of-software-for-windows-95/#findComment-1137735","","","status LAST (last version supporting Win95); class from source tag '$$$$'; release date per source: 1998-09; from reply by ppgrainbow (page 1), not in opening post list"
"msfn-95","Adobe Photoshop","5.5","95","","","commercial","$$$$ (commercial per thread legend)","https://msfn.org/board/topic/176623-last-versions-of-software-for-windows-95/#findComment-1137735","","","status LAST (last version supporting Win95); class from source tag '$$$$'; release date per source: 1999-02; from reply by ppgrainbow (page 1), not in opening post list"
"msfn-95","Corel Draw","9","95","","","commercial","$$$$ (commercial per thread legend)","https://msfn.org/board/topic/176623-last-versions-of-software-for-windows-95/#findComment-1137735","","","status LAST (last version supporting Win95); class from source tag '$$$$'; release date per source: 1999-08-31; from reply by ppgrainbow (page 1), not in opening post list"
"msfn-95","Curious Labs Poser","4.0.3","95","","","commercial","$$$$ (commercial per thread legend)","https://msfn.org/board/topic/176623-last-versions-of-software-for-windows-95/#findComment-1137735","","","status LAST (last version supporting Win95); class from source tag '$$$$'; release date per source: 1999-09; from reply by ppgrainbow (page 1), not in opening post list"
"msfn-95","JASC Paint Shop Pro","7.04","95","","","shareware","SHAR (Shareware per thread legend)","https://msfn.org/board/topic/176623-last-versions-of-software-for-windows-95/#findComment-1137735","","","status LAST (last version supporting Win95); class from source tag 'SHAR'; from reply by ppgrainbow (page 1), not in opening post list"
"msfn-95","Macromedia Flash Player","7.0.73","95","","","freeware","FREE (Freeware/Open Source per thread legend)","https://msfn.org/board/topic/176623-last-versions-of-software-for-windows-95/#findComment-1137735","","http://sdfox7.com/win95/flashplayer7r73_win.exe","status LAST (last version supporting Win95); class from source tag 'FREE'; from reply by ppgrainbow (page 1), not in opening post list; caution (from memory): Flash Player redistribution needed a Macromedia/Adobe distribution license"
"msfn-95","Microsoft Flight Simulator 2000","","95","","","commercial","Microsoft (proprietary)","","","","status LAST (last version supporting Win95); class from source tag '$$$$'; release date per source: late 1999; from reply by ppgrainbow (page 1), not in opening post list; Microsoft component; class from memory"
"msfn-95","Microsoft Office 2000","","95","","","commercial","Microsoft (proprietary)","","","","status LAST (last version supporting Win95); class from source tag '$$$$'; release date per source: 1999-06-07; from reply by ppgrainbow (page 1), not in opening post list; Microsoft component; class from memory"
"msfn-95","Opera","10.10","95","","","freeware","FREE (Freeware/Open Source per thread legend)","https://msfn.org/board/topic/176623-last-versions-of-software-for-windows-95/#findComment-1137735","","http://www.oldapps.com/opera.php?old_opera=74","status LAST (last version supporting Win95); class from source tag 'FREE'; release date per source: 2009-11-23; from reply by ppgrainbow (page 1), not in opening post list; caution (from memory): proprietary freeware; redistribution terms not verified"
"msfn-95","RealPlayer","8 Basic","95","","","freeware","FREE (Freeware/Open Source per thread legend)","https://msfn.org/board/topic/176623-last-versions-of-software-for-windows-95/#findComment-1137735","","http://www.oldapps.com/real.php?old_real_player=15","status LAST (last version supporting Win95); class from source tag 'FREE'; from reply by ppgrainbow (page 1), not in opening post list; caution (from memory): proprietary; redistribution not generally permitted"
"msfn-95","VLC Media Player","0.8.6d","95","","","open-source","GPL-2.0-or-later","","","http://download.videolan.org/pub/videolan/vlc/0.8.6d/win32/","status LAST (last version supporting Win95); class from source tag 'FREE'; release date per source: 2007-11-30; from reply by ppgrainbow (page 1), not in opening post list; open-source class and SPDX id from memory, not stated by source"
"msfn-95","Windows Media Player","6.4","95","","","commercial","Microsoft (proprietary)","","","http://www.oldapps.com/windows_media_player.php?old_windows_media_player=3","status LAST (last version supporting Win95); class from source tag 'FREE'; release date per source: 1999-04-29; from reply by ppgrainbow (page 1), not in opening post list; Microsoft component; class from memory"
"msfn-95","XnView","1.82.4","95","","","freeware","FREE (Freeware/Open Source per thread legend)","https://msfn.org/board/topic/176623-last-versions-of-software-for-windows-95/#findComment-1137735","","http://download.xnview.com/old_versions/","status LAST (last version supporting Win95); class from source tag 'FREE'; from reply by ppgrainbow (page 1), not in opening post list; caution (from memory): free for private/non-commercial use only"
"msfn-95","Aladdin StuffIt Expander","5.1","95","","","freeware","FREE (Freeware/Open Source per thread legend)","https://msfn.org/board/topic/176623-last-versions-of-software-for-windows-95/#findComment-1137742","","http://www.ozgundll.org/alex51.exe/m-download-49935.html","status LAST (last version supporting Win95); class from source tag 'FREE'; from reply by ppgrainbow (page 1), not in opening post list"
"msfn-95","Diskeeper","9","95 OSR2.x","Windows 95 OSR 2.x (superscript 2 in source)","","commercial","$$$$ (commercial per thread legend)","https://msfn.org/board/topic/176623-last-versions-of-software-for-windows-95/#findComment-1137742","","","status LAST (last version supporting Win95); class from source tag '$$$$'; from reply by ppgrainbow (page 1), not in opening post list"
"msfn-95","PartitionMagic","8.0.4","95","","","commercial","$$$$ (commercial per thread legend)","https://msfn.org/board/topic/176623-last-versions-of-software-for-windows-95/#findComment-1137742","","","status LAST (last version supporting Win95); class from source tag '$$$$'; discontinued; from reply by ppgrainbow (page 1), not in opening post list"
"msfn-95","Visual Basic","6","95","","","commercial","Microsoft (proprietary)","","","","status LAST (last version supporting Win95); class from source tag '$$$$'; from reply by ppgrainbow (page 1), not in opening post list; Microsoft component; class from memory"
"msfn-95","WS_FTP Pro","7","95","","","commercial","$$$$ (commercial per thread legend)","https://msfn.org/board/topic/176623-last-versions-of-software-for-windows-95/#findComment-1137747","","","status LAST (last version supporting Win95); class from source tag '$$$$'; from reply by ppgrainbow (page 1), not in opening post list"
"msfn-95","WS_FTP LE","5.08","95","","","freeware","FREE (Freeware/Open Source per thread legend)","https://msfn.org/board/topic/176623-last-versions-of-software-for-windows-95/#findComment-1137747","","http://www.oldversion.com/windows/ws-ftp-le-5-08-32-bit","status LAST (last version supporting Win95); class from source tag 'FREE'; from reply by ppgrainbow (page 1), not in opening post list; caution (from memory): free for non-commercial/educational use"
"msfn-95","Dependency Walker","2.2","95","","","freeware","FREE (Freeware/Open Source per thread legend)","https://msfn.org/board/topic/176623-last-versions-of-software-for-windows-95/#findComment-1137747","http://www.dependencywalker.com/","http://www.dependencywalker.com/","status ???? (unknown if last); class from source tag 'FREE'; from reply by ppgrainbow (page 1), not in opening post list"
"msfn-95","Process Explorer","10.06","95","","","freeware","FREE (Freeware/Open Source per thread legend)","https://msfn.org/board/topic/176623-last-versions-of-software-for-windows-95/#findComment-1137747","","https://web-beta.archive.org/web/20060421175947/http://www.sysinternals.com/Files/ProcessExplorer9x.zip","status LAST (last version supporting Win95); class from source tag 'FREE'; release date per source: 2006-02-22; from reply by ppgrainbow (page 1), not in opening post list; caution (from memory): Sysinternals tool; redistribution not permitted by its license"
"msfn-95","Semagic","1.4.6.8 ANSI","95","","","freeware","FREE (Freeware/Open Source per thread legend)","https://msfn.org/board/topic/176623-last-versions-of-software-for-windows-95/#findComment-1137747","","https://sourceforge.net/projects/semagic/files/1.3-1.7/1.4.6.8/","status LAST (last version supporting Win95); class from source tag 'FREE'; release date per source: 2004-12-11; from reply by ppgrainbow (page 1), not in opening post list"
"msfn-95","AlfaMini","1.8.0","95","","","freeware","FREE (Freeware/Open Source per thread legend)","https://msfn.org/board/topic/176623-last-versions-of-software-for-windows-95/#findComment-1137876","","http://web.archive.org/web/20111220120548/http://www.alfasoftweb.com/download/alfamini_v1.80.exe","status LAST (last version supporting Win95); class from source tag 'FREE'; from reply by ppgrainbow (page 1), not in opening post list"
"msfn-95","DirectX","8.0","95","","","commercial","Microsoft (proprietary)","","","http://www.oldversion.com/windows/directx-8-0","status LAST (last version supporting Win95); class from source tag 'FREE'; release date per source: 2000-11-04; from reply by ppgrainbow (page 1), not in opening post list; Microsoft component; class from memory"
"msfn-95","Visual C++ .NET 2003 Redistributables","","95","","","commercial","Microsoft (proprietary)","","","http://www.mdgx.com/files/VC_R_71.EXE","status LAST (last version supporting Win95); class from source tag 'FREE'; from reply by ppgrainbow (page 1), not in opening post list; Microsoft component; class from memory"
"msfn-95","AOL Instant Messenger","4.8","95","","","freeware","FREE (Freeware/Open Source per thread legend)","https://msfn.org/board/topic/176623-last-versions-of-software-for-windows-95/#findComment-1137960","","","status LAST (last version supporting Win95); class from source tag 'FREE'; no longer functional; from reply by ppgrainbow (page 2), not in opening post list; caution (from memory): proprietary client; redistribution terms not verified"
"msfn-95","Microsoft IntelliMouse","","95","","","commercial","Microsoft (proprietary)","","","http://priede.bf.lu.lv/ftp/pub/OS/peles/Microsoft/IntelliMouse/IP4_0EngALLMsi.exe","status LAST (last version supporting Win95); class from source tag 'FREE'; release date per source: 2003-11-11; from reply by ppgrainbow (page 2), not in opening post list; Microsoft component; class from memory"
"msfn-95","InfraView","4.4.4","95","","","freeware","FREE (Freeware/Open Source per thread legend)","https://msfn.org/board/topic/176623-last-versions-of-software-for-windows-95/#findComment-1137960","http://www.irfanview.com/","http://www.irfanview.com/","status ONGD (ongoing development); class from source tag 'FREE'; release date per source: 2016-12-20; from reply by ppgrainbow (page 2), not in opening post list; caution (from memory): IrfanView: free for non-commercial use"
"msfn-95","mIRC","4.1","95","","","freeware","FREE (Freeware/Open Source per thread legend)","https://msfn.org/board/topic/176623-last-versions-of-software-for-windows-95/#findComment-1137960","","http://www.oldversion.com/windows/mirc-4-1","status LAST (last version supporting Win95); class from source tag 'FREE'; release date per source: 1996-04-27; from reply by ppgrainbow (page 2), not in opening post list; caution (from memory): mIRC is generally shareware; the source tags this version FREE"
"msfn-95","mIRC","6.35","95","","","shareware","SHAR (Shareware per thread legend)","https://msfn.org/board/topic/176623-last-versions-of-software-for-windows-95/#findComment-1137960","","http://www.oldversion.com/windows/mirc-6-35","status LAST (last version supporting Win95); class from source tag 'SHAR'; release date per source: 2008-10-17; from reply by ppgrainbow (page 2), not in opening post list"
"msfn-95","Netscape","6.23","95","","","freeware","FREE (Freeware/Open Source per thread legend)","https://msfn.org/board/topic/176623-last-versions-of-software-for-windows-95/#findComment-1137960","","http://www.oldversion.com/windows/netscape-6-23","status LAST (last version supporting Win95); class from source tag 'FREE'; release date per source: 2002-03-15; from reply by ppgrainbow (page 2), not in opening post list; caution (from memory): proprietary client; redistribution terms not verified"
"msfn-95","Total Commander","9.0a","95","","","shareware","SHAR (Shareware per thread legend)","https://msfn.org/board/topic/176623-last-versions-of-software-for-windows-95/#findComment-1137960","","http://totalcommander.ch/win/tcmd900ax32.exe","status ONGD (ongoing development); class from source tag 'SHAR'; release date per source: 2016-12-14; from reply by ppgrainbow (page 2), not in opening post list"
"msfn-95","WinRAR","3.80","95","","","shareware","SHAR (Shareware per thread legend)","https://msfn.org/board/topic/176623-last-versions-of-software-for-windows-95/#findComment-1137960","","http://www.oldversion.com/windows/winrar-3-80","status LAST (last version supporting Win95); class from source tag 'SHAR'; release date per source: 2008-05-30; from reply by ppgrainbow (page 2), not in opening post list"
"msfn-95","Yahoo! Messenger","5.6","95","","","freeware","FREE (Freeware/Open Source per thread legend)","https://msfn.org/board/topic/176623-last-versions-of-software-for-windows-95/#findComment-1137960","","","status LAST (last version supporting Win95); class from source tag 'FREE'; no longer functional; from reply by ppgrainbow (page 2), not in opening post list; caution (from memory): proprietary client; redistribution terms not verified"
"msfn-95","Bochs","2.3.7","95","","","open-source","LGPL-2.1-or-later","","","https://sourceforge.net/projects/bochs/files/bochs/2.3.7/","status LAST (last version supporting Win95); class from source tag 'FREE'; release date per source: 2008-06-05; from reply by ppgrainbow (page 2), not in opening post list; open-source class and SPDX id from memory, not stated by source"
