"source","name","version","os","needs","category","license_class","license","license_evidence","homepage","download","notes"
"osr-final","DotNET framework","2.0","Windows 98/ME","","Official Microsoft Updates","freeware-unclear","","","","","class from memory; Microsoft component (excluded for now)"
"osr-final","DirectX 9","","Windows 98/ME","","Official Microsoft Updates","freeware-unclear","","","","","class from memory; Microsoft component (excluded for now)"
"osr-final","Unofficial DirectX","9.0c","Windows 98/ME","DirectX 9","Official Microsoft Updates","freeware-unclear","","","","http://www.mdgx.com/files/DX90C.EXE","qualifier: August 2007; unofficial build/backport per source; class from memory; Microsoft component (excluded for now)"
"osr-final","KernelEx","4.5.2","Windows 98/ME","","Kernel Extensions, Rloew Patches, and Unofficial Updates","open-source","GPL-2.0-only","","","","source flag CS (concurrent support); class from memory"
"osr-final","NTFS and UDF Reader for Windows 98/ME","","Windows 98/ME","","Kernel Extensions, Rloew Patches, and Unofficial Updates","unknown","","","https://retrosystemsrevival.blogspot.com/2020/04/ntfs-and-udf-reader-for-windows-98me.html","","source flag FV (final working version)"
"osr-final","2TB Ram Patch/Enable 48-bit LBA","","Windows 98/ME","","Kernel Extensions, Rloew Patches, and Unofficial Updates","unknown","","","https://retrosystemsrevival.blogspot.com/2018/05/windows-9x-hard-drive-patch.html","","source flag FV (final working version)"
"osr-final","Windows Media Player 10","","Windows 98/ME","","Kernel Extensions, Rloew Patches, and Unofficial Updates","freeware-unclear","","","","","source flag FV (final working version); class from memory; Microsoft component (excluded for now)"
"osr-final","Windows 98SE Unofficial Service Pack","3.87","Windows 98/ME","","Kernel Extensions, Rloew Patches, and Unofficial Updates","freeware-unclear","","","https://retrosystemsrevival.blogspot.com/2018/05/windows-98se-service-pack-362.html","","source flag FV (final working version); unofficial build/backport per source; class from memory; Microsoft component (excluded for now)"
"osr-final","Windows ME Unofficial Service Pack","1.02","Windows 98/ME","","Kernel Extensions, Rloew Patches, and Unofficial Updates","freeware-unclear","","","https://retrosystemsrevival.blogspot.com/2019/05/windows-me-service-pack-102.html","","source flag FV (final working version); unofficial build/backport per source; class from memory; Microsoft component (excluded for now)"
"osr-final","SQLite","3.8.0.2","Windows 95/98/ME","","Kernel Extensions, Rloew Patches, and Unofficial Updates","open-source","blessing","","http://blog.livedoor.jp/blackwingcat/archives/1813730.html","","unofficial build/backport per source; class from memory"
"osr-final","Unofficial Visual C++ 2008 Runtime","","Windows 98/ME","","Kernel Extensions, Rloew Patches, and Unofficial Updates","freeware-unclear","","","https://retrosystemsrevival.blogspot.com/2018/05/windows-98se-service-pack-362.html","","source flag FV (final working version); unofficial build/backport per source; class from memory; Microsoft component (excluded for now)"
"osr-final","Mesa3D","","Windows 98/ME","","OpenGL Wrapper","open-source","MIT","","","","qualifier: get version; class from memory"
"osr-final","MilkShape 3D","1.8.4","Windows 98/ME","","3D Modelling Software","shareware","","","","","source flag FV (final working version); class from memory"
"osr-final","Meshx","2.4","Windows 98/ME","","3D Modelling Software","unknown","","","","","source flag FV (final working version)"
"osr-final","Terragen Classic","0.9.43","Windows 98/ME","","3D Modelling Software","freeware-unclear","","","","","source flag FV (final working version); class from memory"
"osr-final","Clamwin","0.99.1","Windows 98/ME","","Anti-Malware and Anti-Viruses","open-source","GPL-2.0-or-later","","https://msfn.org/board/topic/151192-unofficial-clamwin-patch-for-win98se/","","source flag CS (concurrent support); class from memory"
"osr-final","Clam Sentinel","","Windows 98/ME","","Anti-Malware and Anti-Viruses","open-source","","","","","class from memory"
"osr-final","Avast","4.8","Windows 98/ME","","Anti-Malware and Anti-Viruses","freeware-unclear","","","","","source flag CS (concurrent support); class from memory"
"osr-final","SpywareBlaster","4.6","Windows 98/ME","","Anti-Malware and Anti-Viruses","freeware-unclear","","","","","source flag FV (final working version); class from memory"
"osr-final","Audacity","2.0.0","Windows 98/ME","","Audio Editor","open-source","GPL-2.0-or-later","","","","source flag FV (final working version); class from memory"
"osr-final","Roadkil's Disk Speed","2.0","Windows 98/ME","","Benchmark Software (Hard Drive)","freeware-unclear","","","","","source flag FV (final working version); class from memory"
"osr-final","Imgburn","","Windows 98/ME","","CD Burning Software","freeware-unclear","","","","","source flag CS (concurrent support); class from memory"
"osr-final","PowerISO","","Windows 98/ME","","CD Burning Software","shareware","","","","","source flag FV (final working version); source reports limitations; class from memory"
"osr-final","ACE Mega CoDecS Pack","6.03","Windows 98/ME","","Codecs","unknown","","","","","source flag FV (final working version)"
"osr-final","ffdshow","rev2322","Windows 98/ME","","Codecs","open-source","GPL-2.0-or-later","","","","source flag FV (final working version); class from memory"
"osr-final","DirectVobSub","2.39","Windows 98/ME","","Codecs","open-source","GPL-2.0-or-later","","","","source flag FV (final working version); class from memory"
"osr-final","L3codec.ax","1.5.0.50","Windows 98/ME","","Codecs","unknown","","","","","source flag FV (final working version)"
"osr-final","AutoIt","3.2.12.1","Windows 98/ME","","Coding Languages","freeware-unclear","","","","","source flag FV (final working version); class from memory"
"osr-final","Python","2.7","Windows 95/98/ME","","Coding Languages","open-source","PSF-2.0","","https://msfn.org/board/topic/162317-python-27-for-windows-95/","","source flag FV (final working version); unofficial build/backport per source; class from memory"
"osr-final","Talisman Desktop","3.1","Windows 98/ME","","Customization","shareware","","","","","source flag FV (final working version); class from memory"
"osr-final","FoxitReader","3.0","Windows 98/ME, Windows NT 4.0","","Document Viewer (PDFs)","freeware-unclear","","","","","source flag FV (final working version); unofficial build/backport per source; source reports limitations; class from memory"
"osr-final","Microsoft Reader","2.1.1","Windows 98/ME","","Document Viewer (PDFs)","freeware-unclear","","","","","source flag FV (final working version); class from memory; Microsoft component (excluded for now)"
"osr-final","Adobe Reader 6","","Windows 98/ME","","Document Viewer (PDFs)","freeware-unclear","","","","","source flag FV (final working version); class from memory"
"osr-final","SumatraPDF","0.7","Windows 98/ME","","Document Viewer (PDFs)","open-source","GPL-3.0-only","","","","source flag FV (final working version); class from memory"
"osr-final","Ghostscript","8.3","Windows 98/ME","","Document Viewer (PDFs)","unknown","","","","","source flag FV (final working version)"
"osr-final","Paint.NET","2.72","Windows 98/ME","","Digital Art/Illustration/Art Software","open-source","MIT","","","","source flag FV (final working version); class from memory"
"osr-final","PhotoFiltre","7.2.1","Windows 98/ME","","Digital Art/Illustration/Art Software","freeware-unclear","","","https://www.photofiltre-studio.com/pf7-en.htm","","source flag FV? (final working version); qualifier: May 8, 2015; class from memory"
"osr-final","Image Folio","4.30","Windows 98/ME","","Digital Art/Illustration/Art Software","unknown","","","","","source flag FV (final working version)"
"osr-final","Artweaver","0.5","Windows 98/ME","","Digital Art/Illustration/Art Software","freeware-unclear","","","","","source flag FV (final working version); class from memory"
"osr-final","Manga Studio 3","","Windows 98/ME","","Digital Art/Illustration/Art Software","commercial","","","","","source marks $$$ (commercial); source flag FV (final working version)"
"osr-final","Star Downloader","1.52","Windows 98/ME","","Download Accelerator","unknown","","","","","source flag FV (final working version)"
"osr-final","Driver Genius Professional Edition 2007","","Windows 98/ME","","Driver (Hardware) Backup","commercial","","","","","source flag FV (final working version); class from memory"
"osr-final","TrueCrypt","1.0","Windows 98/ME","","Encryption Software","freeware-unclear","TrueCrypt License","","","","source flag FV (final working version); class from memory"
"osr-final","7-Zip","9.20","Windows 98/ME","","File Achieve Software","open-source","","","","","source flag FV (final working version); source reports limitations; class from memory"
"osr-final","WinZip","14.5","Windows 98/ME","","File Achieve Software","shareware","","","","","source flag FV (final working version); class from memory"
"osr-final","WinRAR","3.93","Windows 98/ME","","File Achieve Software","shareware","","","","","source flag FV (final working version); class from memory"
"osr-final","PeaZip","5.5.1","Windows 98/ME, Windows NT 4.0","","File Achieve Software","open-source","LGPL-3.0-only","","","","source flag FV (final working version); class from memory"
"osr-final","Freebyte Zip","2.3.1","Windows 98/ME","","File Achieve Software","freeware-unclear","","","","","source flag FV (final working version); qualifier: 2011; class from memory"
"osr-final","Make Zip","1.29","Windows 98/ME","","File Achieve Software","unknown","","","","","source flag FV (final working version)"
"osr-final","TestDisk","7.2","Windows 98/ME","","File Recovery","open-source","GPL-2.0-or-later","","","","source flag CS (concurrent support); class from memory"
"osr-final","Qt","4.4.3","Windows 98/ME","","IDE (Integrated Development Environment)","open-source","","","","","source flag FV (final working version); source reports limitations; class from memory"
"osr-final","Qt","4.5.3","Windows 98/ME","","IDE (Integrated Development Environment)","open-source","","","","","source flag US (unofficial support); source reports limitations; class from memory"
"osr-final","FastStone Image Viewer","5.3","Windows 98/ME","","Image Viewers","freeware-unclear","","","","","source flag FV (final working version); qualifier: October 24, 2014; class from memory"
"osr-final","FastStone Image Viewer","6.4","Windows 98/ME","","Image Viewers","freeware-unclear","","","","","source flag US (unofficial support); qualifier: September 15, 2017; class from memory"
"osr-final","Irfanview","4.44","Windows 98/ME","","Image Viewers","freeware-unclear","","","","","source flag FV (final working version); class from memory"
"osr-final","Xnview","2.13","Windows 98/ME","","Image Viewers","freeware-unclear","","","","","source flag FV (final working version); class from memory"
"osr-final","Imagine","1.1.0","Windows 98/ME","","Image Viewers","freeware-unclear","","","","https://filehippo.com/download_imagine/post_download/","source flag FV (final working version); qualifier: ANSI Edition; class from memory"
"osr-final","CIV","","Windows 98/ME","","Image Viewers","unknown","","","https://www.deviantart.com/suprvillain/art/CIV-the-Common-Image-Viewer-102359204","","source flag FV (final working version); qualifier: Common Image Viewer"
"osr-final","Cornice","0.6.1","Windows 98/ME","","Image Viewers","unknown","","","","","source flag FV (final working version)"
"osr-final","OpenSSL","1.0.2t","Windows 95/98/ME","","Internet Tools","open-source","OpenSSL","","http://blog.livedoor.jp/blackwingcat/archives/1591502.html","","unofficial build/backport per source; class from memory"
"osr-final","GeoGebra","5.0.0","Windows 98/ME","","Math Software","freeware-unclear","","","","","source flag FV (final working version); qualifier: May 12, 2015; class from memory"
"osr-final","MPlayer","","Windows 98/ME","","Media Players","open-source","GPL-2.0-or-later","","https://github.com/RamonUnch/MPlayer-Ringo-builds/releases","","source flag CS (concurrent support); class from memory"
"osr-final","TCPMP Player","0.72RC1","Windows 98/ME","","Media Players","open-source","","","https://retrosystemsrevival.blogspot.com/2020/01/tcpmp-072rc1-mod-6.html","","source flag FV (final working version); qualifier: Mod 6; class from memory"
"osr-final","VLC","0.8.6i","Windows 98/ME","","Media Players","open-source","GPL-2.0-or-later","","","","source flag FV (final working version); class from memory"
"osr-final","Zoom Player","14.5","Windows 98/ME","GDIPLUS.dll","Media Players","unknown","","","","","source flag FV (final working version); source reports limitations"
"osr-final","GOM Player","2.1.33.5071","Windows 98/ME","codecs","Media Players","freeware-unclear","","","","","source flag FV (final working version); qualifier: 2.1.28.5039???; source reports limitations; class from memory"
"osr-final","BSPlayer 2.x","","Windows 98/ME","","Media Players","unknown","","","","","source reports limitations"
"osr-final","Quickview","2.61","Windows 98/ME","","Media Players","commercial","","","http://www.multimediaware.com/qv/index.html","","source marks $$$ (commercial); source flag CS (concurrent support)"
"osr-final","XMPlay","","Windows 98/ME","","MP3/Music Player","freeware-unclear","","","","","source flag CS (concurrent support); class from memory"
"osr-final","The Core Media Player","4.11 build 452","Windows 98/ME","","MP3/Music Player","shareware","","","","","source marks ~$ (freemium); source flag FV (final working version)"
"osr-final","Trout Audio Player","1.0.6 build 71","Windows 98/ME","","MP3/Music Player","unknown","","","","",""
"osr-final","Kobarin","2.63a","Windows 98/ME","Asian language support","MP3/Music Player","freeware-unclear","","","http://web.archive.org/web/20160317163933/http://hwm5.gyao.ne.jp:80/kobarin/","","source flag FV (final working version); Japanese language; class from memory"
"osr-final","Nyam MP3 Player","","Windows 98/ME","","MP3/Music Player","unknown","","","","","qualifier: late december 2014 build worked"
"osr-final","CoolPlayer 219","","Windows 98/ME","","MP3/Music Player","unknown","","","","https://sourceforge.net/projects/coolplayer/files/latest/download","source flag FV (final working version); qualifier: June 1, 2008"
"osr-final","MPW","","Windows 98/ME","","MP3/Music Player","unknown","","","","http://www.micosyen.com/winexe/mpw.exe","source flag FV (final working version); qualifier: March 16, 2013"
"osr-final","yPlay","","Windows 98/ME","","MP3/Music Player","unknown","","","","","source flag FV (final working version)"
"osr-final","Ho MP3 Player","2.0","Windows 98/ME","","MP3/Music Player","unknown","","","","","source flag FV (final working version)"
"osr-final","VinAmp","1.5","Windows 98/ME","","MP3/Music Player","unknown","","","","","source flag FV (final working version)"
"osr-final","Diegote MP3 Player","","Windows 98/ME","DirectX 9","MP3/Music Player","unknown","","","","","source flag FV (final working version)"
"osr-final","VU Player","2.49","Windows 98/ME","","MP3/Music Player","unknown","","","","","source flag FV (final working version)"
"osr-final","Apollo 37zz","","Windows 98/ME","","MP3/Music Player","unknown","","","","","source flag FV (final working version)"
"osr-final","Virtual CloneDrive","5.5.2.0","Windows 98/ME","","Mounting Software","freeware-unclear","","","","","class from memory"
"osr-final","Virtual Clone Drive","5.4.5.0","Windows 98/ME","","Mounting Software","freeware-unclear","","","","","class from memory"
"osr-final","OpenOffice","2.4.3","Windows 98/ME","","Office Suite","open-source","LGPL-2.1-only","","","","source flag FV (final working version); class from memory"
"osr-final","AbiWord","2.5.2","Windows 98/ME","","Office Suite","open-source","GPL-2.0-or-later","","","","source flag FV (final working version); class from memory"
"osr-final","IconsExtract","1.47","Windows 98/ME","","Program Extractors/Hackers","freeware","","","","","source flag CS? (concurrent support); class from memory"
"osr-final","Eusing Free Registry Cleaner","3.31","Windows 98/ME","","Registry Cleaner","freeware-unclear","","","","","source flag FV (final working version); class from memory"
"osr-final","JDK","1.6.0","Windows 98/ME","","Runtime Softwares","open-source","GPL-2.0-only WITH Classpath-exception-2.0","","","https://bitbucket.org/alexkasko/openjdk-unofficial-builds/downloads/openjdk-1.6.0-unofficial-b31-windows-i586-image.zip","source flag FV (final working version); qualifier: unofficial backport Win98; unofficial build/backport per source; class from memory"
"osr-final","Java 6u7","","Windows 95/98/ME","","Runtime Softwares","freeware-unclear","","","","http://www.mdgx.com/files/JAVA_6U7.MSI","source flag FV (final working version); class from memory"
"osr-final","Flash Player","9.0.289.0","Windows 98/ME","","Runtime Softwares","freeware-unclear","","","http://www2.zshare.ma/2gunsmzsf63h","","source flag FV (final working version); class from memory"
"osr-final","Flash Player 10","","Windows 98/ME","","Runtime Softwares","freeware-unclear","","","https://retrosystemsrevival.blogspot.com/2020/04/flash-player-10-windows-98me.html","","source flag FV (final working version); unofficial build/backport per source; class from memory"
"osr-final","CamStudio","2.0","Windows 98/ME","","Screen Recorder","open-source","","","","","source flag FV (final working version); class from memory"
"osr-final","PuTTY","0.63","Windows 98/ME","","SSH and Telenet Client","open-source","MIT","","","","qualifier: test later versions; class from memory"
"osr-final","Skype","3.6.0.244","Windows 98/ME","","Social Media Client","freeware-unclear","","","","","source flag FV (final working version); class from memory"
"osr-final","CPU-Z","1.78","Windows 98/ME","","System Profiler","freeware-unclear","","","","","source flag FV (final working version); class from memory"
"osr-final","TaskInfo 2000","3.0","Windows 98/ME, Windows NT 4.0","","Task Managers","unknown","","","","","source flag FV (final working version)"
"osr-final","Sysinternals Process Explorer","11.11","Windows 98/ME","","Task Managers","freeware-unclear","","","","","source flag FV (final working version); class from memory; Microsoft component (excluded for now)"
"osr-final","Revolutions Pack 9","","Windows 98/ME","","Task Managers","freeware-unclear","","","","","source flag FV (final working version); class from memory"
"osr-final","Notepad++","5.9.1","Windows 98/ME","","Text Editors","open-source","","","","","source flag FV (final working version); qualifier: ANSI; class from memory"
"osr-final","Metapad","3.6","Windows 98/ME","","Text Editors","unknown","","","","","source flag CS? (concurrent support); qualifier: May 2011"
"osr-final","Microsoft Speech SDK","5.1","Windows 98/ME","","Text-to-Speech Software","freeware-unclear","","","","","source flag FV (final working version); qualifier: Microsoft Sam/Mike/Mary; class from memory; Microsoft component (excluded for now)"
"osr-final","AT&T Crystal","","Windows 98/ME","","Text-to-Speech Software","commercial","","","","","qualifier: 2008 or earlier build; class from memory"
"osr-final","AT&T Paul","","Windows 98/ME","","Text-to-Speech Software","commercial","","","","","qualifier: 2008 or earlier build; class from memory"
"osr-final","VirtualPC 2004","","Windows 98/ME","","Virtualization/Emulation Software","freeware-unclear","","","","","source flag FV (final working version); class from memory; Microsoft component (excluded for now)"
"osr-final","Retro Arch","","Windows 98/ME","","Virtualization/Emulation Software","open-source","GPL-3.0-or-later","","","","class from memory"
"osr-final","Connectix Virtual PC","4.1","Windows 98/ME","","Virtualization/Emulation Software","freeware-unclear","","","","","source flag FV (final working version); class from memory; Microsoft component (excluded for now)"
"osr-final","VirtualBox","1.5.6","Windows 98/ME","","Virtualization/Emulation Software","unknown","","","","","source flag FV (final working version)"
"osr-final","pSX","1.13","Windows 98/ME","","Virtualization/Emulation Software","freeware-unclear","","","","","source flag FV (final working version); class from memory"
"osr-final","VisualBoyAdvance","1.7.2","Windows 98/ME","","Virtualization/Emulation Software","open-source","GPL-2.0-or-later","","","","source flag FV (final working version); class from memory"
"osr-final","Epsxe","1.9.25","Windows 98/ME","","Virtualization/Emulation Software","freeware-unclear","","","","","source reports limitations; class from memory"
"osr-final","ZSNES","","Windows 98/ME","","Virtualization/Emulation Software","open-source","GPL-2.0-or-later","","","","class from memory"
"osr-final","xplorer2 Lite","","Windows 98/ME","","Windows Shells","freeware-unclear","","","","","source flag CS (concurrent support); class from memory"
"osr-final","Meesoft Commander","1.36","Windows 98/ME","GDIPLUS.dll","Windows Shells","freeware-unclear","","","","","class from memory"
"osr-final","File Navigator","1.7.4","Windows 98/ME","","Windows Shells","unknown","","","http://web.archive.org/web/20130828055400/http://relaxander.webest.net:80/index.php?lng=en","","qualifier: June 6, 2011"
"osr-final","Alt Commander","1.3-20071014","Windows 95/98/ME","","Windows Shells","unknown","","","","","source flag FV? (final working version)"
"osr-final","Odyssey Client","4.52","Windows 98/ME","","Wireless Clients","commercial","","","","","source flag FV (final working version); class from memory"
"osr-final","Buffalo Wireless Manager V","","Windows 98/ME","","Wireless Clients","unknown","","","","","source flag FV (final working version)"
"osr-final","Boingo Wireless","","Windows 98/ME","","Wireless Clients","unknown","","","","","source flag FV (final working version)"
"osr-final","Opera","10.70 Build 9000","Windows 98/ME","","Web Browsers","freeware-unclear","","","","","unofficial build/backport per source; class from memory"
"osr-final","Retrozilla","2.2","Windows 98/ME","","Web Browsers","open-source","","","https://github.com/rn10950/RetroZilla","","source flag CS (concurrent support); class from memory"
"osr-final","Internet Explorer 6 SP1","","Windows 98/ME","","Web Browsers","freeware-unclear","","","","","source flag FV (final working version); class from memory; Microsoft component (excluded for now)"
"osr-final","Netscape","9.0.0.6","Windows 98/ME","","Web Browsers","unknown","","","","","source flag FV (final working version)"
"osr-final","uTorrent","1.8.5","Windows 98/ME","","Torrent Clients","freeware-unclear","","","","","source flag FV (final working version); class from memory"
"osr-final","Vuze","","Windows 98/ME","","Torrent Clients","unknown","","","","","qualifier: March 2014 build"
"osr-final","PunkBuster","","Windows 98/ME","","Other","unknown","","","","",""
"osr-final","abcAVI Tag Editor","1.81","Windows 98/ME","","Other","unknown","","","","",""
"osr-final","DAV 2002","","Windows 98/ME","","Other","unknown","","","","","qualifier: mentioned by jumper???"
"osr-final","Randy Tab","1.1d","Windows 98/ME","","Other","unknown","","","","",""
