id,include,host,sf,other,note
7zip,yes,yes,sevenzip/7-Zip/9.20/7z920.exe,,pilot
kernelex,yes,yes,kernelex/KernelEx/4.5.2/KernelEx-4.5.2.exe,,
avidemux,yes,no,avidemux/avidemux/2.5.2/avidemux_2.5.2_win32.exe,,bundled Qt/x264 sources not found
clamwin,yes,no,clamwin/clamwin/0.99.1/clamwin-0.99.1-setup.exe,,bundled Python/wx sources not found
devcpp,yes,no,dev-cpp/Binaries/Dev-C%2B%2B%204.9.9.2/devcpp-4.9.9.2_setup.exe,,rm.exe source missing
dosbox,yes,yes,dosbox/dosbox/0.74-3/DOSBox0.74-3-win32-installer.exe,,
eraser,yes,no,eraser/OldFiles/eraser582setup.exe,,boot disk source missing
fceu,yes,yes,fceultra/Binaries/2.1.5/fceux-2.1.5-win32-Win2000_Win98.zip,,
freepascal,yes,no,freepascal/Win32/2.6.2/fpc-2.6.2.i386-win32.exe,,binutils/gdb sources missing
golly,yes,yes,golly/golly/golly-1.4/golly-1.4-win.zip,,needs KernelEx
lua51,yes,no,luabinaries/5.1.5/Tools%20Executables/lua-5.1.5_Win32_bin.zip,,bundles Microsoft VC2005 runtime
miranda-im,yes,yes,miranda/OldFiles/miranda-im-v0.7.19-ansi.exe,,
prboom,yes,yes,prboom/prboom%20stable/2.5.0/prboom-2.5.0-win32.zip,,
regshot,yes,yes,regshot/regshot/1.8.2/regshot_1.8.2_src_bin.zip,,
vsfilter,yes,yes,guliverkli2/DirectShow%20Filters/DirectVobSub%202.39/VSFilter_20081129_win9x.zip,,
winmerge,yes,no,winmerge/stable/2.12.4/WinMerge-2.12.4-Setup.exe,,installs Microsoft VC7.1 runtime
winscp,yes,yes,winscp/WinSCP/4.3.9/winscp439.zip,,
zsnes,yes,yes,zsnes/zsnes/ZSNES%20v1.51/zsnesw151.zip,,
openoffice,yes,no,,http://archive.apache.org/dist/incubator/ooo/stable/2.4.3/OOo_2.4.3_Win32Intel_install_en-US.exe,bundles Microsoft Windows Installer and UNICOWS
abiword,yes,yes,,,
apache13,yes,yes,,,
autoit,yes,yes,,,Add/Remove name to confirm in VM
bochs,yes,no,,,already external
depends,yes,no,,,already external
firefox,yes,no,,,already external
freedoom,yes,yes,,,
gnuwin32-core,yes,yes,,,
hashmyfiles,yes,yes,,,VM test: 98 support
hxd,yes,yes,,,
iconsextract,yes,yes,,,
infrarecorder,yes,no,,,already external
k-meleon,yes,no,,,already external
lavfilters,yes,yes,,,needs KernelEx
metapad,yes,yes,,,
myuninstaller,yes,yes,,,
nasm,yes,yes,,,
nircmd,yes,yes,,,
notepad-plus-plus,yes,no,,,already external; VM test: dialogs
notepad2,yes,yes,,,
openwatcom,yes,yes,,,
privoxy,yes,yes,,,VM test
seamonkey,yes,no,,,already external
shellexview,yes,yes,,,
stella,yes,yes,,,
sumatrapdf,yes,no,,,already external
testdisk,yes,yes,,,
thunderbird,yes,no,,,already external
tightvnc,yes,yes,,,
vba,yes,no,,,already external
volumouse,yes,yes,,,2.03 from the Internet Archive
winhttrack,yes,yes,,,
cdex,no,,,,no file available
filezilla,no,,,,FzGSS.dll source missing; author server gone
foobar2000,no,,,,bundled LGPL sources gone; site HTTPS only
graphviz,no,,,,bundled GTK+/Qt sources unresolved
lame,no,,,,no 98 build available
palemoon,no,,,,license forbids packages
php52,no,,,,bundles proprietary DLLs
qemu,no,,,,links proprietary FMOD
smplayer,no,,,,7z archive; Beacon cannot unpack 7z yet
tcltk84,no,,,,no redistributable build
wings3d,no,,,,bundles closed FBX plug-in
xchm,no,,,,no Windows build exists
beacon98,yes,yes,,,Beacon itself; self-update
virtualdub,yes,yes,virtualdub/virtualdub-win/1.10.4.35491/VirtualDub-1.10.4.zip,,
audacity,yes,yes,,https://storage.googleapis.com/google-code-archive-downloads/v2/code.google.com/audacity/audacity-win-2.0-ansi.exe,Google Code archive; Windows 98/ME build
mpc,yes,no,,,already external (links Microsoft and Apple libraries)
ffdshow,yes,no,,,already external (non-free AMR code)
gimp,yes,no,,,2.0.5 external from ftp.arnes.si
gtk-runtime,yes,no,,,2.4.9 external from ftp.arnes.si
ac3filter,no,,,,contains DVD CSS decryption code (user decision)
adobe-reader6,yes,no,,,publisher only
analogx-ats,yes,no,,,publisher only
aviutl,yes,no,,,publisher only
cacheman,yes,no,,,publisher only
cpu-z,yes,no,,,publisher only
cpu-z-vintage,yes,no,,,publisher only
crystalcpuid,yes,yes,,,license allows sharing
dogwaffle,yes,no,,,publisher only
faststone-viewer,yes,no,,,publisher only
fmlfns,yes,no,,,publisher only
hwinfo32,yes,no,,,publisher only
inforapid-search-replace,yes,no,,,publisher only
mega-mp3-splitter,yes,no,,,publisher only
ms-amdk6upd-95,yes,no,,,Microsoft: external only
ms-dun14-95,yes,no,,,Microsoft: external only
ms-instmsi-11,yes,no,,,Microsoft: external only
ms-instmsia-20,no,no,,,held: needs a VM test (pre-release build or restarts by itself)
ms-kb891711-98,yes,no,,,Microsoft: external only
ms-kb891711-me,yes,no,,,Microsoft: external only
ms-kb918547-98,yes,no,,,Microsoft: external only
ms-kb918547-me,yes,no,,,Microsoft: external only
ms-mdac25sp3,no,no,,,held: needs a VM test (pre-release build or restarts by itself)
ms-pccardupd-95,yes,no,,,Microsoft: external only
ms-q168115-98,yes,no,,,Microsoft: external only
ms-q190656-98,yes,no,,,Microsoft: external only
ms-q216641-98,yes,no,,,Microsoft: external only
ms-q236926-98,yes,no,,,Microsoft: external only
ms-q240075-98se,yes,no,,,Microsoft: external only
ms-q241134-98,yes,no,,,Microsoft: external only
ms-q242975-98se,yes,no,,,Microsoft: external only
ms-q243450-98,yes,no,,,Microsoft: external only
ms-q245272-98se,yes,no,,,Microsoft: external only
ms-q252958-98se,yes,no,,,Microsoft: external only
ms-q253697-98se,yes,no,,,Microsoft: external only
ms-q253711-98se,yes,no,,,Microsoft: external only
ms-q263044-98,yes,no,,,Microsoft: external only
ms-q272016-me,yes,no,,,Microsoft: external only
ms-q272991-me,yes,no,,,Microsoft: external only
ms-q273017-98se,yes,no,,,Microsoft: external only
ms-q273017-me,yes,no,,,Microsoft: external only
ms-q273727-95,yes,no,,,Microsoft: external only
ms-q273727-98,yes,no,,,Microsoft: external only
ms-q273727-me,yes,no,,,Microsoft: external only
ms-q274113-98,yes,no,,,Microsoft: external only
ms-q274113-me,yes,no,,,Microsoft: external only
ms-q274548-me,yes,no,,,Microsoft: external only
ms-q278031-me,yes,no,,,Microsoft: external only
ms-q279866-me,yes,no,,,Microsoft: external only
ms-q287564-me,yes,no,,,Microsoft: external only
ms-q290700-me,yes,no,,,Microsoft: external only
ms-q310695-me,yes,no,,,Microsoft: external only
ms-q311561-98,yes,no,,,Microsoft: external only
ms-q311561-me,yes,no,,,Microsoft: external only
ms-q313829-9x,yes,no,,,Microsoft: external only
ms-q314757-me,yes,no,,,Microsoft: external only
ms-q314941-98,yes,no,,,Microsoft: external only
ms-q323172-98,yes,no,,,Microsoft: external only
ms-q323172-me,yes,no,,,Microsoft: external only
ms-q329048-98,yes,no,,,Microsoft: external only
ms-q329048-me,yes,no,,,Microsoft: external only
ms-q329115-me,yes,no,,,Microsoft: external only
ms-q812709-me,yes,no,,,Microsoft: external only
ms-telnet-95,yes,no,,,Microsoft: external only
ms-vcredist2005,yes,no,,,Microsoft: external only
neutron,yes,no,,,publisher only
notetab-light,yes,yes,,,license allows sharing
ntfs-reader,yes,yes,,,license allows sharing
nvidia-forceware,yes,no,,,publisher only
nvidia-forceware-tnt,yes,no,,,publisher only
quickview-pro,yes,no,,,publisher only
servant-salamander,yes,yes,,,license allows sharing
servant-salamander-2,yes,yes,,,license allows sharing
system-lock,yes,no,,,publisher only
treesize-free,yes,yes,,,license allows sharing
winzip,yes,no,,,publisher only
xmplay,yes,no,,,publisher only
xplorer2,yes,no,,,publisher only
zsoft-uninstaller,yes,no,,,publisher only
driver-ahcint,yes,no,,,publisher only
driver-ati-catalyst,yes,no,,,publisher only
driver-ati-rage-pro,yes,no,,,publisher only
driver-ati-rage128,yes,no,,,publisher only
driver-herc9x,yes,yes,,,license allows sharing
driver-matrox-g-series,yes,no,,,publisher only
driver-matrox-millennium,yes,no,,,publisher only
driver-matrox-millennium2,yes,no,,,publisher only
driver-nvme9x,yes,no,,,publisher only
driver-promise-fasttrak,yes,no,,,publisher only
driver-promise-ultra,yes,no,,,publisher only
driver-softgpu,yes,no,,,publisher only
driver-vbemp,yes,no,,,publisher only
driver-via-4in1,yes,no,,,publisher only
driver-via-envy24,yes,no,,,publisher only
driver-via-hyperion,yes,no,,,publisher only
driver-via-prosavage,yes,no,,,publisher only
driver-via-prosavageddr,yes,no,,,publisher only
driver-via-rhine,yes,no,,,publisher only
driver-via-usb2,yes,no,,,publisher only
driver-via-velocity,yes,no,,,publisher only
driver-via-vinyl-ac97,yes,no,,,publisher only
driver-vmdisp9x,yes,yes,,,license allows sharing
driver-xhci98,yes,yes,,,license allows sharing
game-doom-shareware,no,yes,,,held: only "PLEASE DISTRIBUTE!!!" in the installer; needs the owner's decision
game-drascula,yes,yes,,,license allows sharing
game-dreamweb,yes,yes,,,license allows sharing
game-duke3d-shareware,yes,yes,,,license allows sharing
game-epic-pinball-shareware,yes,yes,,,license allows sharing
game-extreme-pinball-shareware,yes,yes,,,license allows sharing
game-flight-amazon-queen,yes,yes,,,license allows sharing
game-heretic-shareware,yes,yes,,,license allows sharing
game-jazz-shareware,yes,yes,,,license allows sharing
game-jill-jungle-shareware,yes,yes,,,license allows sharing
game-kens-labyrinth-shareware,yes,yes,,,license allows sharing
game-kiloblaster-shareware,yes,yes,,,license allows sharing
game-liero,yes,yes,,,license allows sharing
game-lure-of-the-temptress,yes,yes,,,license allows sharing
game-nippon-safes,yes,yes,,,license allows sharing
game-omf2097-shareware,yes,yes,,,license allows sharing
game-opengfx,yes,yes,,,license allows sharing
game-openttd,yes,yes,,,license allows sharing
game-overkill-shareware,yes,yes,,,license allows sharing
game-quake-shareware,yes,yes,,,license allows sharing
game-radix-shareware,yes,yes,,,license allows sharing
game-sfinx,yes,yes,,,license allows sharing
game-soltys,yes,yes,,,license allows sharing
game-tyrian-shareware,yes,yes,,,license allows sharing
game-wolf3d-shareware,no,no,,,held: implode-compressed zip Beacon cannot unpack
game-xargon-shareware,yes,yes,,,license allows sharing
game-zone66-shareware,yes,yes,,,license allows sharing
